 Image node:22-alpine Pulling 
 987e19f30cf4 Pulling fs layer 0B
 527fa2e7c135 Pulling fs layer 0B
 5de55e5ef9c0 Pulling fs layer 0B
 c3cb2d05bd6e Pulling fs layer 0B
 71fa83d74e34 Download complete 0B
 82d279000e7c Download complete 0B
 987e19f30cf4 Download complete 0B
 5de55e5ef9c0 Downloading 1.049MB
 5de55e5ef9c0 Downloading 1.049MB
 5de55e5ef9c0 Downloading 1.049MB
 5de55e5ef9c0 Downloading 1.049MB
 5de55e5ef9c0 Downloading 1.049MB
 5de55e5ef9c0 Downloading 1.049MB
 5de55e5ef9c0 Downloading 2.097MB
 5de55e5ef9c0 Downloading 2.097MB
 5de55e5ef9c0 Downloading 2.097MB
 5de55e5ef9c0 Downloading 2.097MB
 5de55e5ef9c0 Downloading 2.097MB
 5de55e5ef9c0 Downloading 3.146MB
 5de55e5ef9c0 Downloading 3.146MB
 5de55e5ef9c0 Downloading 3.146MB
 527fa2e7c135 Downloading 1.049MB
 5de55e5ef9c0 Download complete 0B
 5de55e5ef9c0 Extracting 1B
 527fa2e7c135 Downloading 1.049MB
 c3cb2d05bd6e Download complete 0B
 5de55e5ef9c0 Pull complete 0B
 527fa2e7c135 Downloading 1.049MB
 527fa2e7c135 Downloading 1.049MB
 527fa2e7c135 Downloading 1.049MB
 527fa2e7c135 Downloading 1.049MB
 527fa2e7c135 Downloading 2.097MB
 527fa2e7c135 Downloading 2.097MB
 527fa2e7c135 Downloading 2.097MB
 527fa2e7c135 Downloading 2.097MB
 527fa2e7c135 Downloading 2.097MB
 527fa2e7c135 Downloading 2.097MB
 527fa2e7c135 Downloading 2.097MB
 527fa2e7c135 Downloading 2.097MB
 527fa2e7c135 Downloading 2.097MB
 527fa2e7c135 Downloading 3.146MB
 527fa2e7c135 Downloading 3.146MB
 527fa2e7c135 Downloading 3.146MB
 527fa2e7c135 Downloading 3.146MB
 527fa2e7c135 Downloading 3.146MB
 527fa2e7c135 Downloading 3.146MB
 527fa2e7c135 Downloading 3.146MB
 527fa2e7c135 Downloading 4.194MB
 527fa2e7c135 Downloading 4.194MB
 527fa2e7c135 Downloading 4.194MB
 527fa2e7c135 Downloading 4.194MB
 527fa2e7c135 Downloading 4.194MB
 527fa2e7c135 Downloading 4.194MB
 527fa2e7c135 Downloading 5.243MB
 527fa2e7c135 Downloading 5.243MB
 527fa2e7c135 Downloading 5.243MB
 527fa2e7c135 Downloading 5.243MB
 527fa2e7c135 Downloading 5.243MB
 527fa2e7c135 Downloading 5.243MB
 527fa2e7c135 Downloading 6.291MB
 527fa2e7c135 Downloading 6.291MB
 527fa2e7c135 Downloading 6.291MB
 527fa2e7c135 Downloading 6.291MB
 527fa2e7c135 Downloading 7.172MB
 527fa2e7c135 Downloading 7.34MB
 527fa2e7c135 Downloading 7.34MB
 527fa2e7c135 Downloading 7.34MB
 527fa2e7c135 Downloading 7.34MB
 527fa2e7c135 Downloading 8.389MB
 527fa2e7c135 Downloading 8.389MB
 527fa2e7c135 Downloading 8.389MB
 527fa2e7c135 Downloading 8.389MB
 527fa2e7c135 Downloading 8.389MB
 527fa2e7c135 Downloading 9.437MB
 527fa2e7c135 Downloading 9.437MB
 527fa2e7c135 Downloading 9.437MB
 527fa2e7c135 Downloading 9.437MB
 527fa2e7c135 Downloading 9.437MB
 527fa2e7c135 Downloading 9.437MB
 527fa2e7c135 Downloading 10.49MB
 527fa2e7c135 Downloading 10.49MB
 527fa2e7c135 Downloading 10.49MB
 527fa2e7c135 Downloading 10.49MB
 527fa2e7c135 Downloading 10.49MB
 527fa2e7c135 Downloading 10.49MB
 527fa2e7c135 Downloading 10.49MB
 527fa2e7c135 Downloading 10.49MB
 527fa2e7c135 Downloading 10.49MB
 527fa2e7c135 Downloading 10.49MB
 527fa2e7c135 Downloading 11.53MB
 527fa2e7c135 Downloading 11.53MB
 527fa2e7c135 Downloading 12.58MB
 527fa2e7c135 Downloading 12.58MB
 527fa2e7c135 Downloading 12.58MB
 527fa2e7c135 Downloading 12.58MB
 527fa2e7c135 Downloading 12.58MB
 527fa2e7c135 Downloading 12.58MB
 527fa2e7c135 Downloading 12.58MB
 527fa2e7c135 Downloading 12.58MB
 527fa2e7c135 Downloading 12.58MB
 527fa2e7c135 Downloading 12.58MB
 527fa2e7c135 Downloading 12.58MB
 527fa2e7c135 Downloading 12.58MB
 527fa2e7c135 Downloading 12.58MB
 527fa2e7c135 Downloading 12.58MB
 527fa2e7c135 Downloading 12.58MB
 527fa2e7c135 Downloading 12.58MB
 527fa2e7c135 Downloading 12.58MB
 527fa2e7c135 Downloading 12.58MB
 527fa2e7c135 Downloading 12.58MB
 527fa2e7c135 Downloading 12.58MB
 527fa2e7c135 Downloading 12.58MB
 527fa2e7c135 Downloading 12.58MB
 527fa2e7c135 Downloading 12.58MB
 527fa2e7c135 Downloading 12.58MB
 527fa2e7c135 Downloading 12.58MB
 527fa2e7c135 Downloading 12.58MB
 527fa2e7c135 Downloading 12.58MB
 527fa2e7c135 Downloading 12.58MB
 527fa2e7c135 Downloading 12.58MB
 527fa2e7c135 Downloading 12.58MB
 527fa2e7c135 Downloading 12.58MB
 527fa2e7c135 Downloading 12.58MB
 527fa2e7c135 Downloading 12.58MB
 527fa2e7c135 Downloading 12.58MB
 527fa2e7c135 Downloading 12.58MB
 527fa2e7c135 Downloading 12.58MB
 527fa2e7c135 Downloading 12.58MB
 527fa2e7c135 Downloading 12.58MB
 527fa2e7c135 Downloading 12.58MB
 527fa2e7c135 Downloading 12.58MB
 527fa2e7c135 Downloading 12.58MB
 527fa2e7c135 Downloading 12.58MB
 527fa2e7c135 Downloading 12.58MB
 527fa2e7c135 Downloading 12.58MB
 527fa2e7c135 Downloading 12.58MB
 527fa2e7c135 Downloading 12.58MB
 527fa2e7c135 Downloading 12.58MB
 527fa2e7c135 Downloading 12.58MB
 527fa2e7c135 Downloading 12.58MB
 527fa2e7c135 Downloading 12.58MB
 527fa2e7c135 Downloading 12.58MB
 527fa2e7c135 Downloading 12.58MB
 527fa2e7c135 Downloading 12.58MB
 527fa2e7c135 Downloading 12.58MB
 527fa2e7c135 Downloading 12.58MB
 527fa2e7c135 Downloading 12.58MB
 527fa2e7c135 Downloading 12.58MB
 527fa2e7c135 Downloading 12.58MB
 527fa2e7c135 Downloading 12.58MB
 527fa2e7c135 Downloading 12.58MB
 527fa2e7c135 Downloading 12.58MB
 527fa2e7c135 Downloading 12.58MB
 527fa2e7c135 Downloading 12.58MB
 527fa2e7c135 Downloading 12.58MB
 527fa2e7c135 Downloading 12.58MB
 527fa2e7c135 Downloading 12.58MB
 527fa2e7c135 Downloading 12.58MB
 527fa2e7c135 Downloading 12.58MB
 527fa2e7c135 Downloading 12.58MB
 527fa2e7c135 Downloading 12.58MB
 527fa2e7c135 Downloading 12.58MB
 527fa2e7c135 Downloading 12.58MB
 527fa2e7c135 Downloading 12.58MB
 527fa2e7c135 Downloading 12.58MB
 527fa2e7c135 Downloading 12.58MB
 527fa2e7c135 Downloading 12.58MB
 527fa2e7c135 Downloading 12.58MB
 527fa2e7c135 Downloading 12.58MB
 527fa2e7c135 Downloading 12.58MB
 527fa2e7c135 Downloading 12.58MB
 527fa2e7c135 Downloading 12.58MB
 527fa2e7c135 Downloading 12.58MB
 527fa2e7c135 Downloading 12.58MB
 527fa2e7c135 Downloading 12.58MB
 527fa2e7c135 Downloading 12.58MB
 527fa2e7c135 Downloading 12.58MB
 527fa2e7c135 Downloading 12.58MB
 527fa2e7c135 Downloading 12.58MB
 527fa2e7c135 Downloading 12.58MB
 527fa2e7c135 Downloading 12.58MB
 527fa2e7c135 Downloading 12.58MB
 527fa2e7c135 Downloading 12.58MB
 527fa2e7c135 Downloading 12.58MB
 527fa2e7c135 Downloading 12.58MB
 527fa2e7c135 Downloading 12.58MB
 527fa2e7c135 Downloading 12.58MB
 527fa2e7c135 Downloading 12.58MB
 527fa2e7c135 Downloading 12.58MB
 527fa2e7c135 Downloading 12.58MB
 527fa2e7c135 Downloading 12.58MB
 527fa2e7c135 Downloading 12.58MB
 527fa2e7c135 Downloading 12.58MB
 527fa2e7c135 Downloading 12.58MB
 527fa2e7c135 Downloading 12.58MB
 527fa2e7c135 Downloading 12.58MB
 527fa2e7c135 Downloading 12.58MB
 527fa2e7c135 Downloading 12.58MB
 527fa2e7c135 Downloading 12.58MB
 527fa2e7c135 Downloading 12.58MB
 527fa2e7c135 Downloading 12.58MB
 527fa2e7c135 Downloading 12.58MB
 527fa2e7c135 Downloading 12.58MB
 527fa2e7c135 Downloading 12.58MB
 527fa2e7c135 Downloading 12.58MB
 527fa2e7c135 Downloading 12.58MB
 527fa2e7c135 Downloading 12.58MB
 527fa2e7c135 Downloading 13.63MB
 527fa2e7c135 Downloading 13.63MB
 527fa2e7c135 Downloading 13.63MB
 527fa2e7c135 Downloading 13.63MB
 527fa2e7c135 Downloading 13.63MB
 527fa2e7c135 Downloading 13.63MB
 527fa2e7c135 Downloading 13.63MB
 527fa2e7c135 Downloading 13.63MB
 527fa2e7c135 Downloading 13.63MB
 527fa2e7c135 Downloading 13.63MB
 527fa2e7c135 Downloading 13.63MB
 527fa2e7c135 Downloading 13.63MB
 527fa2e7c135 Downloading 13.63MB
 527fa2e7c135 Downloading 13.63MB
 527fa2e7c135 Downloading 13.63MB
 527fa2e7c135 Downloading 13.63MB
 527fa2e7c135 Downloading 13.63MB
 527fa2e7c135 Downloading 13.63MB
 527fa2e7c135 Downloading 13.63MB
 527fa2e7c135 Downloading 13.63MB
 527fa2e7c135 Downloading 13.63MB
 527fa2e7c135 Downloading 13.63MB
 527fa2e7c135 Downloading 13.63MB
 527fa2e7c135 Downloading 13.63MB
 527fa2e7c135 Downloading 13.63MB
 527fa2e7c135 Downloading 13.63MB
 527fa2e7c135 Downloading 13.63MB
 527fa2e7c135 Downloading 13.63MB
 527fa2e7c135 Downloading 13.63MB
 527fa2e7c135 Downloading 13.63MB
 527fa2e7c135 Downloading 13.63MB
 527fa2e7c135 Downloading 13.63MB
 527fa2e7c135 Downloading 13.63MB
 527fa2e7c135 Downloading 13.63MB
 527fa2e7c135 Downloading 13.63MB
 527fa2e7c135 Downloading 13.63MB
 527fa2e7c135 Downloading 13.63MB
 527fa2e7c135 Downloading 13.63MB
 527fa2e7c135 Downloading 13.63MB
 527fa2e7c135 Downloading 13.63MB
 527fa2e7c135 Downloading 13.63MB
 527fa2e7c135 Downloading 13.63MB
 527fa2e7c135 Downloading 13.63MB
 527fa2e7c135 Downloading 13.63MB
 527fa2e7c135 Downloading 13.63MB
 527fa2e7c135 Downloading 13.63MB
 527fa2e7c135 Downloading 13.63MB
 527fa2e7c135 Downloading 13.63MB
 527fa2e7c135 Downloading 13.63MB
 527fa2e7c135 Downloading 13.63MB
 527fa2e7c135 Downloading 13.63MB
 527fa2e7c135 Downloading 13.63MB
 527fa2e7c135 Downloading 13.63MB
 527fa2e7c135 Downloading 13.63MB
 527fa2e7c135 Downloading 13.63MB
 527fa2e7c135 Downloading 13.63MB
 527fa2e7c135 Downloading 13.63MB
 527fa2e7c135 Downloading 13.63MB
 527fa2e7c135 Downloading 13.63MB
 527fa2e7c135 Downloading 13.63MB
 527fa2e7c135 Downloading 13.63MB
 527fa2e7c135 Downloading 13.63MB
 527fa2e7c135 Downloading 13.63MB
 527fa2e7c135 Downloading 13.63MB
 527fa2e7c135 Downloading 13.63MB
 527fa2e7c135 Downloading 13.63MB
 527fa2e7c135 Downloading 13.63MB
 527fa2e7c135 Downloading 13.63MB
 527fa2e7c135 Downloading 13.63MB
 527fa2e7c135 Downloading 13.63MB
 527fa2e7c135 Downloading 13.63MB
 527fa2e7c135 Downloading 13.63MB
 527fa2e7c135 Downloading 13.63MB
 527fa2e7c135 Downloading 13.63MB
 527fa2e7c135 Downloading 13.63MB
 527fa2e7c135 Downloading 13.63MB
 527fa2e7c135 Downloading 13.63MB
 527fa2e7c135 Downloading 13.63MB
 527fa2e7c135 Downloading 13.63MB
 527fa2e7c135 Downloading 13.63MB
 527fa2e7c135 Downloading 13.63MB
 527fa2e7c135 Downloading 13.63MB
 527fa2e7c135 Downloading 13.63MB
 527fa2e7c135 Downloading 13.63MB
 527fa2e7c135 Downloading 13.63MB
 527fa2e7c135 Downloading 13.63MB
 527fa2e7c135 Downloading 14.68MB
 527fa2e7c135 Downloading 14.68MB
 527fa2e7c135 Downloading 14.68MB
 527fa2e7c135 Downloading 14.68MB
 527fa2e7c135 Downloading 14.68MB
 527fa2e7c135 Downloading 14.68MB
 527fa2e7c135 Downloading 14.68MB
 527fa2e7c135 Downloading 14.68MB
 527fa2e7c135 Downloading 14.68MB
 527fa2e7c135 Downloading 14.68MB
 527fa2e7c135 Downloading 14.68MB
 527fa2e7c135 Downloading 14.68MB
 527fa2e7c135 Downloading 14.68MB
 527fa2e7c135 Downloading 14.68MB
 527fa2e7c135 Downloading 14.68MB
 527fa2e7c135 Downloading 14.68MB
 527fa2e7c135 Downloading 14.68MB
 527fa2e7c135 Downloading 14.68MB
 527fa2e7c135 Downloading 14.68MB
 527fa2e7c135 Downloading 14.68MB
 527fa2e7c135 Downloading 14.68MB
 527fa2e7c135 Downloading 14.68MB
 527fa2e7c135 Downloading 14.68MB
 527fa2e7c135 Downloading 14.68MB
 527fa2e7c135 Downloading 14.68MB
 527fa2e7c135 Downloading 14.68MB
 527fa2e7c135 Downloading 14.68MB
 527fa2e7c135 Downloading 14.68MB
 527fa2e7c135 Downloading 14.68MB
 527fa2e7c135 Downloading 14.68MB
 527fa2e7c135 Downloading 15.73MB
 527fa2e7c135 Downloading 15.73MB
 527fa2e7c135 Downloading 15.73MB
 527fa2e7c135 Downloading 15.73MB
 527fa2e7c135 Downloading 15.73MB
 527fa2e7c135 Downloading 15.73MB
 527fa2e7c135 Downloading 15.73MB
 527fa2e7c135 Downloading 15.73MB
 527fa2e7c135 Downloading 15.73MB
 527fa2e7c135 Downloading 15.73MB
 527fa2e7c135 Downloading 15.73MB
 527fa2e7c135 Downloading 15.73MB
 527fa2e7c135 Downloading 15.73MB
 527fa2e7c135 Downloading 15.73MB
 527fa2e7c135 Downloading 15.73MB
 527fa2e7c135 Downloading 15.73MB
 527fa2e7c135 Downloading 15.73MB
 527fa2e7c135 Downloading 15.73MB
 527fa2e7c135 Downloading 15.73MB
 527fa2e7c135 Downloading 15.73MB
 527fa2e7c135 Downloading 15.73MB
 527fa2e7c135 Downloading 15.73MB
 527fa2e7c135 Downloading 15.73MB
 527fa2e7c135 Downloading 16.78MB
 527fa2e7c135 Downloading 16.78MB
 527fa2e7c135 Downloading 16.78MB
 527fa2e7c135 Downloading 16.78MB
 527fa2e7c135 Downloading 16.78MB
 527fa2e7c135 Downloading 16.78MB
 527fa2e7c135 Downloading 16.78MB
 527fa2e7c135 Downloading 16.78MB
 527fa2e7c135 Downloading 16.78MB
 527fa2e7c135 Downloading 16.78MB
 527fa2e7c135 Downloading 16.78MB
 527fa2e7c135 Downloading 16.78MB
 527fa2e7c135 Downloading 16.78MB
 527fa2e7c135 Downloading 16.78MB
 527fa2e7c135 Downloading 16.78MB
 527fa2e7c135 Downloading 16.78MB
 527fa2e7c135 Downloading 16.78MB
 527fa2e7c135 Downloading 16.78MB
 527fa2e7c135 Downloading 16.78MB
 527fa2e7c135 Downloading 16.78MB
 527fa2e7c135 Downloading 16.78MB
 527fa2e7c135 Downloading 16.78MB
 527fa2e7c135 Downloading 16.78MB
 527fa2e7c135 Downloading 16.78MB
 527fa2e7c135 Downloading 16.78MB
 527fa2e7c135 Downloading 17.83MB
 527fa2e7c135 Downloading 17.83MB
 527fa2e7c135 Downloading 17.83MB
 527fa2e7c135 Downloading 17.83MB
 527fa2e7c135 Downloading 17.83MB
 527fa2e7c135 Downloading 17.83MB
 527fa2e7c135 Downloading 17.83MB
 527fa2e7c135 Downloading 17.83MB
 527fa2e7c135 Downloading 17.83MB
 527fa2e7c135 Downloading 17.83MB
 527fa2e7c135 Downloading 17.83MB
 527fa2e7c135 Downloading 17.83MB
 527fa2e7c135 Downloading 17.83MB
 527fa2e7c135 Downloading 17.83MB
 527fa2e7c135 Downloading 18.87MB
 527fa2e7c135 Downloading 18.87MB
 527fa2e7c135 Downloading 18.87MB
 527fa2e7c135 Downloading 18.87MB
 527fa2e7c135 Downloading 18.87MB
 527fa2e7c135 Downloading 18.87MB
 527fa2e7c135 Downloading 18.87MB
 527fa2e7c135 Downloading 18.87MB
 527fa2e7c135 Downloading 18.87MB
 527fa2e7c135 Downloading 18.87MB
 527fa2e7c135 Downloading 18.87MB
 527fa2e7c135 Downloading 18.87MB
 527fa2e7c135 Downloading 18.87MB
 527fa2e7c135 Downloading 18.87MB
 527fa2e7c135 Downloading 18.87MB
 527fa2e7c135 Downloading 18.87MB
 527fa2e7c135 Downloading 18.87MB
 527fa2e7c135 Downloading 18.87MB
 527fa2e7c135 Downloading 18.87MB
 527fa2e7c135 Downloading 18.87MB
 527fa2e7c135 Downloading 18.87MB
 527fa2e7c135 Downloading 18.87MB
 527fa2e7c135 Downloading 18.87MB
 527fa2e7c135 Downloading 18.87MB
 527fa2e7c135 Downloading 18.87MB
 527fa2e7c135 Downloading 18.87MB
 527fa2e7c135 Downloading 18.87MB
 527fa2e7c135 Downloading 18.87MB
 527fa2e7c135 Downloading 18.87MB
 527fa2e7c135 Downloading 18.87MB
 527fa2e7c135 Downloading 18.87MB
 527fa2e7c135 Downloading 18.87MB
 527fa2e7c135 Downloading 18.87MB
 527fa2e7c135 Downloading 19.92MB
 527fa2e7c135 Downloading 19.92MB
 527fa2e7c135 Downloading 19.92MB
 527fa2e7c135 Downloading 19.92MB
 527fa2e7c135 Downloading 19.92MB
 527fa2e7c135 Downloading 19.92MB
 527fa2e7c135 Downloading 19.92MB
 527fa2e7c135 Downloading 19.92MB
 527fa2e7c135 Downloading 19.92MB
 527fa2e7c135 Downloading 19.92MB
 527fa2e7c135 Downloading 19.92MB
 527fa2e7c135 Downloading 19.92MB
 527fa2e7c135 Downloading 19.92MB
 527fa2e7c135 Downloading 19.92MB
 527fa2e7c135 Downloading 19.92MB
 527fa2e7c135 Downloading 19.92MB
 527fa2e7c135 Downloading 19.92MB
 527fa2e7c135 Downloading 19.92MB
 527fa2e7c135 Downloading 19.92MB
 527fa2e7c135 Downloading 19.92MB
 527fa2e7c135 Downloading 20.97MB
 527fa2e7c135 Downloading 20.97MB
 527fa2e7c135 Downloading 20.97MB
 527fa2e7c135 Downloading 20.97MB
 527fa2e7c135 Downloading 20.97MB
 527fa2e7c135 Downloading 20.97MB
 527fa2e7c135 Downloading 20.97MB
 527fa2e7c135 Downloading 20.97MB
 527fa2e7c135 Downloading 20.97MB
 527fa2e7c135 Downloading 20.97MB
 527fa2e7c135 Downloading 20.97MB
 527fa2e7c135 Downloading 20.97MB
 527fa2e7c135 Downloading 20.97MB
 527fa2e7c135 Downloading 20.97MB
 527fa2e7c135 Downloading 20.97MB
 527fa2e7c135 Downloading 20.97MB
 527fa2e7c135 Downloading 20.97MB
 527fa2e7c135 Downloading 20.97MB
 527fa2e7c135 Downloading 20.97MB
 527fa2e7c135 Downloading 20.97MB
 527fa2e7c135 Downloading 22.02MB
 527fa2e7c135 Downloading 22.02MB
 527fa2e7c135 Downloading 22.02MB
 527fa2e7c135 Downloading 22.02MB
 527fa2e7c135 Downloading 22.02MB
 527fa2e7c135 Downloading 22.02MB
 527fa2e7c135 Downloading 22.02MB
 527fa2e7c135 Downloading 22.02MB
 527fa2e7c135 Downloading 22.02MB
 527fa2e7c135 Downloading 22.02MB
 527fa2e7c135 Downloading 22.02MB
 527fa2e7c135 Downloading 22.02MB
 527fa2e7c135 Downloading 22.02MB
 527fa2e7c135 Downloading 22.02MB
 527fa2e7c135 Downloading 22.02MB
 527fa2e7c135 Downloading 22.02MB
 527fa2e7c135 Downloading 22.02MB
 527fa2e7c135 Downloading 22.02MB
 527fa2e7c135 Downloading 22.02MB
 527fa2e7c135 Downloading 22.02MB
 527fa2e7c135 Downloading 22.02MB
 527fa2e7c135 Downloading 22.02MB
 527fa2e7c135 Downloading 22.02MB
 527fa2e7c135 Downloading 22.02MB
 527fa2e7c135 Downloading 22.02MB
 527fa2e7c135 Downloading 22.02MB
 527fa2e7c135 Downloading 22.02MB
 527fa2e7c135 Downloading 22.02MB
 527fa2e7c135 Downloading 22.02MB
 527fa2e7c135 Downloading 22.02MB
 527fa2e7c135 Downloading 22.02MB
 527fa2e7c135 Downloading 22.02MB
 527fa2e7c135 Downloading 22.02MB
 527fa2e7c135 Downloading 23.07MB
 527fa2e7c135 Downloading 23.07MB
 527fa2e7c135 Downloading 23.07MB
 527fa2e7c135 Downloading 23.07MB
 527fa2e7c135 Downloading 23.07MB
 527fa2e7c135 Downloading 23.07MB
 527fa2e7c135 Downloading 23.07MB
 527fa2e7c135 Downloading 23.07MB
 527fa2e7c135 Downloading 23.07MB
 527fa2e7c135 Downloading 23.07MB
 527fa2e7c135 Downloading 23.07MB
 527fa2e7c135 Downloading 23.07MB
 527fa2e7c135 Downloading 23.07MB
 527fa2e7c135 Downloading 23.07MB
 527fa2e7c135 Downloading 23.07MB
 527fa2e7c135 Downloading 23.07MB
 527fa2e7c135 Downloading 23.07MB
 527fa2e7c135 Downloading 23.07MB
 527fa2e7c135 Downloading 23.07MB
 527fa2e7c135 Downloading 23.07MB
 527fa2e7c135 Downloading 23.07MB
 527fa2e7c135 Downloading 23.07MB
 527fa2e7c135 Downloading 23.07MB
 527fa2e7c135 Downloading 23.07MB
 527fa2e7c135 Downloading 23.07MB
 527fa2e7c135 Downloading 23.07MB
 527fa2e7c135 Downloading 23.07MB
 527fa2e7c135 Downloading 23.07MB
 527fa2e7c135 Downloading 23.07MB
 527fa2e7c135 Downloading 23.07MB
 527fa2e7c135 Downloading 23.07MB
 527fa2e7c135 Downloading 23.07MB
 527fa2e7c135 Downloading 23.07MB
 527fa2e7c135 Downloading 23.07MB
 527fa2e7c135 Downloading 23.07MB
 527fa2e7c135 Downloading 23.07MB
 527fa2e7c135 Downloading 23.07MB
 527fa2e7c135 Downloading 23.07MB
 527fa2e7c135 Downloading 23.07MB
 527fa2e7c135 Downloading 23.07MB
 527fa2e7c135 Downloading 23.07MB
 527fa2e7c135 Downloading 23.07MB
 527fa2e7c135 Downloading 23.07MB
 527fa2e7c135 Downloading 24.12MB
 527fa2e7c135 Downloading 24.12MB
 527fa2e7c135 Downloading 24.12MB
 527fa2e7c135 Downloading 24.12MB
 527fa2e7c135 Downloading 24.12MB
 527fa2e7c135 Downloading 24.12MB
 527fa2e7c135 Downloading 24.12MB
 527fa2e7c135 Downloading 24.12MB
 527fa2e7c135 Downloading 24.12MB
 527fa2e7c135 Downloading 24.12MB
 527fa2e7c135 Downloading 24.12MB
 527fa2e7c135 Downloading 24.12MB
 527fa2e7c135 Downloading 24.12MB
 527fa2e7c135 Downloading 24.12MB
 527fa2e7c135 Downloading 24.12MB
 527fa2e7c135 Downloading 24.12MB
 527fa2e7c135 Downloading 24.12MB
 527fa2e7c135 Downloading 24.12MB
 527fa2e7c135 Downloading 24.12MB
 527fa2e7c135 Downloading 24.12MB
 527fa2e7c135 Downloading 24.12MB
 527fa2e7c135 Downloading 24.12MB
 527fa2e7c135 Downloading 24.12MB
 527fa2e7c135 Downloading 24.12MB
 527fa2e7c135 Downloading 24.12MB
 527fa2e7c135 Downloading 24.12MB
 527fa2e7c135 Downloading 24.12MB
 527fa2e7c135 Downloading 24.12MB
 527fa2e7c135 Downloading 24.12MB
 527fa2e7c135 Downloading 24.12MB
 527fa2e7c135 Downloading 24.12MB
 527fa2e7c135 Downloading 24.12MB
 527fa2e7c135 Downloading 24.12MB
 527fa2e7c135 Downloading 24.12MB
 527fa2e7c135 Downloading 24.12MB
 527fa2e7c135 Downloading 25.17MB
 527fa2e7c135 Downloading 25.17MB
 527fa2e7c135 Downloading 25.17MB
 527fa2e7c135 Downloading 25.17MB
 527fa2e7c135 Downloading 25.17MB
 527fa2e7c135 Downloading 25.17MB
 527fa2e7c135 Downloading 25.17MB
 527fa2e7c135 Downloading 25.17MB
 527fa2e7c135 Downloading 25.17MB
 527fa2e7c135 Downloading 25.17MB
 527fa2e7c135 Downloading 25.17MB
 527fa2e7c135 Downloading 25.17MB
 527fa2e7c135 Downloading 25.17MB
 527fa2e7c135 Downloading 25.17MB
 527fa2e7c135 Downloading 25.17MB
 527fa2e7c135 Downloading 25.17MB
 527fa2e7c135 Downloading 26.21MB
 527fa2e7c135 Downloading 26.21MB
 527fa2e7c135 Downloading 26.21MB
 527fa2e7c135 Downloading 26.21MB
 527fa2e7c135 Downloading 26.21MB
 527fa2e7c135 Downloading 26.21MB
 527fa2e7c135 Downloading 26.21MB
 527fa2e7c135 Downloading 26.21MB
 527fa2e7c135 Downloading 26.21MB
 527fa2e7c135 Downloading 26.21MB
 527fa2e7c135 Downloading 27.26MB
 527fa2e7c135 Downloading 27.26MB
 527fa2e7c135 Downloading 27.26MB
 527fa2e7c135 Downloading 27.26MB
 527fa2e7c135 Downloading 27.26MB
 527fa2e7c135 Downloading 27.26MB
 527fa2e7c135 Downloading 27.26MB
 527fa2e7c135 Downloading 28.31MB
 527fa2e7c135 Downloading 28.31MB
 527fa2e7c135 Downloading 28.31MB
 527fa2e7c135 Downloading 28.31MB
 527fa2e7c135 Downloading 28.31MB
 527fa2e7c135 Downloading 28.31MB
 527fa2e7c135 Downloading 29.36MB
 527fa2e7c135 Downloading 29.36MB
 527fa2e7c135 Downloading 29.36MB
 527fa2e7c135 Downloading 29.36MB
 527fa2e7c135 Downloading 29.36MB
 527fa2e7c135 Downloading 29.36MB
 527fa2e7c135 Downloading 30.41MB
 527fa2e7c135 Downloading 30.41MB
 527fa2e7c135 Downloading 30.41MB
 527fa2e7c135 Downloading 30.41MB
 527fa2e7c135 Downloading 31.46MB
 527fa2e7c135 Downloading 31.46MB
 527fa2e7c135 Downloading 31.46MB
 527fa2e7c135 Downloading 31.46MB
 527fa2e7c135 Downloading 32.51MB
 527fa2e7c135 Downloading 32.51MB
 527fa2e7c135 Downloading 32.51MB
 527fa2e7c135 Downloading 33.55MB
 527fa2e7c135 Downloading 33.55MB
 527fa2e7c135 Downloading 33.55MB
 527fa2e7c135 Downloading 34.6MB
 527fa2e7c135 Downloading 34.6MB
 527fa2e7c135 Downloading 34.6MB
 527fa2e7c135 Downloading 35.65MB
 527fa2e7c135 Downloading 35.65MB
 527fa2e7c135 Downloading 35.65MB
 527fa2e7c135 Downloading 36.7MB
 527fa2e7c135 Downloading 36.7MB
 527fa2e7c135 Downloading 36.7MB
 527fa2e7c135 Downloading 37.75MB
 527fa2e7c135 Downloading 37.75MB
 527fa2e7c135 Downloading 37.75MB
 527fa2e7c135 Downloading 38.8MB
 527fa2e7c135 Downloading 39.85MB
 527fa2e7c135 Downloading 39.85MB
 527fa2e7c135 Downloading 40.89MB
 527fa2e7c135 Downloading 40.89MB
 527fa2e7c135 Downloading 41.94MB
 527fa2e7c135 Downloading 41.94MB
 527fa2e7c135 Downloading 42.99MB
 527fa2e7c135 Downloading 42.99MB
 527fa2e7c135 Downloading 44.04MB
 527fa2e7c135 Downloading 44.04MB
 527fa2e7c135 Downloading 45.09MB
 527fa2e7c135 Downloading 45.09MB
 527fa2e7c135 Downloading 46.14MB
 527fa2e7c135 Downloading 46.14MB
 527fa2e7c135 Downloading 46.14MB
 527fa2e7c135 Downloading 48.23MB
 527fa2e7c135 Downloading 48.23MB
 527fa2e7c135 Downloading 49.28MB
 527fa2e7c135 Downloading 49.28MB
 527fa2e7c135 Downloading 50.33MB
 527fa2e7c135 Downloading 51.38MB
 527fa2e7c135 Downloading 52.43MB
 527fa2e7c135 Download complete 0B
 527fa2e7c135 Extracting 1B
 527fa2e7c135 Extracting 1B
 527fa2e7c135 Extracting 1B
 527fa2e7c135 Extracting 1B
 527fa2e7c135 Extracting 1B
 527fa2e7c135 Extracting 1B
 527fa2e7c135 Extracting 1B
 527fa2e7c135 Extracting 1B
 527fa2e7c135 Extracting 1B
 527fa2e7c135 Extracting 1B
 527fa2e7c135 Extracting 1B
 527fa2e7c135 Extracting 2B
 987e19f30cf4 Extracting 1B
 c3cb2d05bd6e Pull complete 0B
 527fa2e7c135 Pull complete 0B
 987e19f30cf4 Pull complete 0B
 Image node:22-alpine Pulled 
 Image src-celery-worker Building 
 Image src-celery-beat Building 
 Image src-backend Building 
#1 [internal] load local bake definitions
#1 reading from stdin 1.56kB done
#1 DONE 0.0s

#2 [celery-worker internal] load build definition from Dockerfile
#2 transferring dockerfile: 2.48kB 0.0s done
#2 DONE 0.0s

#3 [backend internal] load metadata for docker.io/library/python:3.11-slim
#3 DONE 2.1s

#4 [backend internal] load .dockerignore
#4 transferring context: 663B done
#4 DONE 0.0s

#5 [celery-beat base 1/2] FROM docker.io/library/python:3.11-slim@sha256:ae52c5bef62a6bdd42cd1e8dffef86b9cd284bde9427da79839de7a4b983e7ca
#5 resolve docker.io/library/python:3.11-slim@sha256:ae52c5bef62a6bdd42cd1e8dffef86b9cd284bde9427da79839de7a4b983e7ca 0.0s done
#5 sha256:7f7603e6ebb8a9b94a429dcdb69477fc29b25e033752a99d537ba0d87a455212 250B / 250B 0.3s done
#5 sha256:473b26fe033cfb7157bf8eccaaec7fb4c2973e971213128c1a817a6aa0132976 0B / 14.32MB 0.3s
#5 sha256:2e6eaa7747ea36ce09c07e556b94db03b4221eaa799d4d0ca387fb13a46d89f1 0B / 1.27MB 0.2s
#5 sha256:a25cd16f2d8653f652f8292b34b21bfbabdc85d6b39861a24b85f0896df1a95e 0B / 30.15MB 0.2s
#5 ...

#6 [celery-worker internal] load build context
#6 transferring context: 10.89MB 0.4s done
#6 DONE 0.4s

#5 [celery-beat base 1/2] FROM docker.io/library/python:3.11-slim@sha256:ae52c5bef62a6bdd42cd1e8dffef86b9cd284bde9427da79839de7a4b983e7ca
#5 sha256:473b26fe033cfb7157bf8eccaaec7fb4c2973e971213128c1a817a6aa0132976 0B / 14.32MB 5.4s
#5 sha256:2e6eaa7747ea36ce09c07e556b94db03b4221eaa799d4d0ca387fb13a46d89f1 0B / 1.27MB 5.3s
#5 sha256:a25cd16f2d8653f652f8292b34b21bfbabdc85d6b39861a24b85f0896df1a95e 0B / 30.15MB 5.3s
#5 sha256:473b26fe033cfb7157bf8eccaaec7fb4c2973e971213128c1a817a6aa0132976 0B / 14.32MB 10.5s
#5 sha256:2e6eaa7747ea36ce09c07e556b94db03b4221eaa799d4d0ca387fb13a46d89f1 0B / 1.27MB 10.4s
#5 sha256:a25cd16f2d8653f652f8292b34b21bfbabdc85d6b39861a24b85f0896df1a95e 1.05MB / 30.15MB 10.4s
#5 sha256:473b26fe033cfb7157bf8eccaaec7fb4c2973e971213128c1a817a6aa0132976 0B / 14.32MB 15.6s
#5 sha256:2e6eaa7747ea36ce09c07e556b94db03b4221eaa799d4d0ca387fb13a46d89f1 0B / 1.27MB 15.5s
#5 sha256:a25cd16f2d8653f652f8292b34b21bfbabdc85d6b39861a24b85f0896df1a95e 3.15MB / 30.15MB 15.5s
#5 sha256:2e6eaa7747ea36ce09c07e556b94db03b4221eaa799d4d0ca387fb13a46d89f1 1.05MB / 1.27MB 16.5s
#5 sha256:2e6eaa7747ea36ce09c07e556b94db03b4221eaa799d4d0ca387fb13a46d89f1 1.27MB / 1.27MB 18.3s done
#5 sha256:2e6eaa7747ea36ce09c07e556b94db03b4221eaa799d4d0ca387fb13a46d89f1 1.27MB / 1.27MB 18.3s done
#5 sha256:473b26fe033cfb7157bf8eccaaec7fb4c2973e971213128c1a817a6aa0132976 1.05MB / 14.32MB 18.9s
#5 sha256:a25cd16f2d8653f652f8292b34b21bfbabdc85d6b39861a24b85f0896df1a95e 4.19MB / 30.15MB 20.6s
#5 sha256:473b26fe033cfb7157bf8eccaaec7fb4c2973e971213128c1a817a6aa0132976 1.05MB / 14.32MB 24.0s
#5 sha256:473b26fe033cfb7157bf8eccaaec7fb4c2973e971213128c1a817a6aa0132976 2.10MB / 14.32MB 24.1s
#5 sha256:a25cd16f2d8653f652f8292b34b21bfbabdc85d6b39861a24b85f0896df1a95e 6.29MB / 30.15MB 25.0s
#5 sha256:473b26fe033cfb7157bf8eccaaec7fb4c2973e971213128c1a817a6aa0132976 3.15MB / 14.32MB 26.9s
#5 sha256:a25cd16f2d8653f652f8292b34b21bfbabdc85d6b39861a24b85f0896df1a95e 7.34MB / 30.15MB 30.2s
#5 sha256:473b26fe033cfb7157bf8eccaaec7fb4c2973e971213128c1a817a6aa0132976 3.15MB / 14.32MB 31.9s
#5 sha256:a25cd16f2d8653f652f8292b34b21bfbabdc85d6b39861a24b85f0896df1a95e 8.39MB / 30.15MB 35.3s
#5 sha256:473b26fe033cfb7157bf8eccaaec7fb4c2973e971213128c1a817a6aa0132976 3.15MB / 14.32MB 37.1s
#5 sha256:473b26fe033cfb7157bf8eccaaec7fb4c2973e971213128c1a817a6aa0132976 4.19MB / 14.32MB 37.2s
#5 sha256:a25cd16f2d8653f652f8292b34b21bfbabdc85d6b39861a24b85f0896df1a95e 9.44MB / 30.15MB 40.3s
#5 sha256:473b26fe033cfb7157bf8eccaaec7fb4c2973e971213128c1a817a6aa0132976 4.19MB / 14.32MB 42.3s
#5 sha256:473b26fe033cfb7157bf8eccaaec7fb4c2973e971213128c1a817a6aa0132976 5.24MB / 14.32MB 45.3s
#5 sha256:a25cd16f2d8653f652f8292b34b21bfbabdc85d6b39861a24b85f0896df1a95e 10.49MB / 30.15MB 45.4s
#5 sha256:473b26fe033cfb7157bf8eccaaec7fb4c2973e971213128c1a817a6aa0132976 6.29MB / 14.32MB 50.0s
#5 sha256:a25cd16f2d8653f652f8292b34b21bfbabdc85d6b39861a24b85f0896df1a95e 11.53MB / 30.15MB 50.6s
#5 sha256:473b26fe033cfb7157bf8eccaaec7fb4c2973e971213128c1a817a6aa0132976 7.34MB / 14.32MB 53.1s
#5 sha256:a25cd16f2d8653f652f8292b34b21bfbabdc85d6b39861a24b85f0896df1a95e 12.58MB / 30.15MB 55.7s
#5 sha256:473b26fe033cfb7157bf8eccaaec7fb4c2973e971213128c1a817a6aa0132976 8.39MB / 14.32MB 56.3s
#5 sha256:473b26fe033cfb7157bf8eccaaec7fb4c2973e971213128c1a817a6aa0132976 9.44MB / 14.32MB 57.8s
#5 sha256:a25cd16f2d8653f652f8292b34b21bfbabdc85d6b39861a24b85f0896df1a95e 14.68MB / 30.15MB 58.2s
#5 sha256:473b26fe033cfb7157bf8eccaaec7fb4c2973e971213128c1a817a6aa0132976 10.49MB / 14.32MB 58.8s
#5 sha256:473b26fe033cfb7157bf8eccaaec7fb4c2973e971213128c1a817a6aa0132976 11.53MB / 14.32MB 59.6s
#5 sha256:473b26fe033cfb7157bf8eccaaec7fb4c2973e971213128c1a817a6aa0132976 12.58MB / 14.32MB 60.3s
#5 sha256:a25cd16f2d8653f652f8292b34b21bfbabdc85d6b39861a24b85f0896df1a95e 16.78MB / 30.15MB 60.6s
#5 sha256:473b26fe033cfb7157bf8eccaaec7fb4c2973e971213128c1a817a6aa0132976 13.63MB / 14.32MB 61.5s
#5 sha256:473b26fe033cfb7157bf8eccaaec7fb4c2973e971213128c1a817a6aa0132976 14.32MB / 14.32MB 61.7s done
#5 sha256:a25cd16f2d8653f652f8292b34b21bfbabdc85d6b39861a24b85f0896df1a95e 18.87MB / 30.15MB 62.7s
#5 sha256:a25cd16f2d8653f652f8292b34b21bfbabdc85d6b39861a24b85f0896df1a95e 20.97MB / 30.15MB 63.6s
#5 sha256:a25cd16f2d8653f652f8292b34b21bfbabdc85d6b39861a24b85f0896df1a95e 23.07MB / 30.15MB 64.5s
#5 sha256:a25cd16f2d8653f652f8292b34b21bfbabdc85d6b39861a24b85f0896df1a95e 25.17MB / 30.15MB 65.3s
#5 sha256:a25cd16f2d8653f652f8292b34b21bfbabdc85d6b39861a24b85f0896df1a95e 27.26MB / 30.15MB 66.0s
#5 sha256:a25cd16f2d8653f652f8292b34b21bfbabdc85d6b39861a24b85f0896df1a95e 29.36MB / 30.15MB 66.5s
#5 sha256:a25cd16f2d8653f652f8292b34b21bfbabdc85d6b39861a24b85f0896df1a95e 30.15MB / 30.15MB 66.7s done
#5 extracting sha256:a25cd16f2d8653f652f8292b34b21bfbabdc85d6b39861a24b85f0896df1a95e
#5 extracting sha256:a25cd16f2d8653f652f8292b34b21bfbabdc85d6b39861a24b85f0896df1a95e 1.1s done
#5 extracting sha256:a25cd16f2d8653f652f8292b34b21bfbabdc85d6b39861a24b85f0896df1a95e 1.1s done
#5 extracting sha256:2e6eaa7747ea36ce09c07e556b94db03b4221eaa799d4d0ca387fb13a46d89f1 0.1s done
#5 extracting sha256:473b26fe033cfb7157bf8eccaaec7fb4c2973e971213128c1a817a6aa0132976
#5 extracting sha256:473b26fe033cfb7157bf8eccaaec7fb4c2973e971213128c1a817a6aa0132976 0.5s done
#5 extracting sha256:473b26fe033cfb7157bf8eccaaec7fb4c2973e971213128c1a817a6aa0132976 0.5s done
#5 extracting sha256:7f7603e6ebb8a9b94a429dcdb69477fc29b25e033752a99d537ba0d87a455212 0.0s done
#5 DONE 68.4s

#7 [backend base 2/2] RUN apt-get update && apt-get install -y --no-install-recommends     poppler-utils     libpq-dev     build-essential     libffi-dev     curl     && rm -rf /var/lib/apt/lists/*
#7 0.711 Hit:1 http://deb.debian.org/debian trixie InRelease
#7 0.777 Get:2 http://deb.debian.org/debian trixie-updates InRelease [47.3 kB]
#7 1.103 Get:3 http://deb.debian.org/debian-security trixie-security InRelease [43.4 kB]
#7 1.286 Get:4 http://deb.debian.org/debian trixie/main arm64 Packages [9608 kB]
#7 6.487 Get:5 http://deb.debian.org/debian trixie-updates/main arm64 Packages [5404 B]
#7 6.624 Get:6 http://deb.debian.org/debian-security trixie-security/main arm64 Packages [217 kB]
#7 7.791 Fetched 9921 kB in 7s (1341 kB/s)
#7 7.791 Reading package lists...
#7 8.947 Reading package lists...
#7 10.03 Building dependency tree...
#7 10.19 Reading state information...
#7 10.51 The following additional packages will be installed:
#7 10.51   binutils binutils-aarch64-linux-gnu binutils-common bzip2 cpp cpp-14
#7 10.51   cpp-14-aarch64-linux-gnu cpp-aarch64-linux-gnu dirmngr dpkg-dev
#7 10.51   fontconfig-config fonts-dejavu-core fonts-dejavu-mono g++ g++-14
#7 10.51   g++-14-aarch64-linux-gnu g++-aarch64-linux-gnu gcc gcc-14
#7 10.51   gcc-14-aarch64-linux-gnu gcc-aarch64-linux-gnu gnupg gnupg-l10n gpg
#7 10.51   gpg-agent gpgconf gpgsm libasan8 libassuan9 libatomic1 libbinutils
#7 10.51   libbrotli1 libc-dev-bin libc6-dev libcairo2 libcc1-0 libcom-err2
#7 10.51   libcrypt-dev libctf-nobfd0 libctf0 libcurl3t64-gnutls libcurl4t64
#7 10.51   libdeflate0 libdpkg-perl libexpat1 libfontconfig1 libfreetype6 libgcc-14-dev
#7 10.51   libgcrypt20 libgdbm-compat4t64 libgnutls30t64 libgomp1 libgpg-error0
#7 10.51   libgpgme11t64 libgpgmepp6t64 libgprofng0 libgssapi-krb5-2 libhwasan0
#7 10.51   libidn2-0 libisl23 libitm1 libjansson4 libjbig0 libjpeg62-turbo libk5crypto3
#7 10.51   libkeyutils1 libkrb5-3 libkrb5support0 libksba8 liblcms2-2 libldap2 liblerc4
#7 10.51   liblsan0 libmpc3 libmpfr6 libnghttp2-14 libnghttp3-9 libngtcp2-16
#7 10.51   libngtcp2-crypto-gnutls8 libnpth0t64 libnspr4 libnss3 libopenjp2-7
#7 10.51   libp11-kit0 libperl5.40 libpixman-1-0 libpng16-16t64 libpoppler147 libpq5
#7 10.51   libpsl5t64 librtmp1 libsasl2-2 libsasl2-modules-db libsframe1 libsharpyuv0
#7 10.51   libssh2-1t64 libssl-dev libstdc++-14-dev libtasn1-6 libtiff6 libtsan2
#7 10.51   libubsan1 libunistring5 libwebp7 libx11-6 libx11-data libxau6 libxcb-render0
#7 10.51   libxcb-shm0 libxcb1 libxdmcp6 libxext6 libxrender1 linux-libc-dev make patch
#7 10.51   perl perl-modules-5.40 pinentry-curses rpcsvc-proto xz-utils
#7 10.51 Suggested packages:
#7 10.51   binutils-doc gprofng-gui binutils-gold bzip2-doc cpp-doc gcc-14-locales
#7 10.51   cpp-14-doc dbus-user-session libpam-systemd pinentry-gnome3 tor
#7 10.51   debian-keyring debian-tag2upload-keyring gcc-14-doc gcc-multilib
#7 10.51   manpages-dev autoconf automake libtool flex bison gdb gcc-doc
#7 10.51   gdb-aarch64-linux-gnu gpg-wks-server parcimonie xloadimage scdaemon
#7 10.51   tpm2daemon libc-devtools glibc-doc sensible-utils git bzr rng-tools
#7 10.51   gnutls-bin krb5-doc krb5-user liblcms2-utils postgresql-doc-17 libssl-doc
#7 10.51   libstdc++-14-doc make-doc ed diffutils-doc perl-doc
#7 10.51   libterm-readline-gnu-perl | libterm-readline-perl-perl
#7 10.51   libtap-harness-archive-perl pinentry-doc
#7 10.51 Recommended packages:
#7 10.51   bash-completion fakeroot libalgorithm-merge-perl gnupg-utils gpg-wks-client
#7 10.51   gpgv manpages manpages-dev libfile-fcntllock-perl liblocale-gettext-perl
#7 10.51   libgpg-error-l10n krb5-locales libldap-common poppler-data publicsuffix
#7 10.51   libsasl2-modules
#7 11.96 The following NEW packages will be installed:
#7 11.96   binutils binutils-aarch64-linux-gnu binutils-common build-essential bzip2
#7 11.96   cpp cpp-14 cpp-14-aarch64-linux-gnu cpp-aarch64-linux-gnu curl dirmngr
#7 11.96   dpkg-dev fontconfig-config fonts-dejavu-core fonts-dejavu-mono g++ g++-14
#7 11.96   g++-14-aarch64-linux-gnu g++-aarch64-linux-gnu gcc gcc-14
#7 11.96   gcc-14-aarch64-linux-gnu gcc-aarch64-linux-gnu gnupg gnupg-l10n gpg
#7 11.96   gpg-agent gpgconf gpgsm libasan8 libassuan9 libatomic1 libbinutils
#7 11.96   libbrotli1 libc-dev-bin libc6-dev libcairo2 libcc1-0 libcom-err2
#7 11.96   libcrypt-dev libctf-nobfd0 libctf0 libcurl3t64-gnutls libcurl4t64
#7 11.96   libdeflate0 libdpkg-perl libexpat1 libffi-dev libfontconfig1 libfreetype6
#7 11.96   libgcc-14-dev libgcrypt20 libgdbm-compat4t64 libgnutls30t64 libgomp1
#7 11.96   libgpg-error0 libgpgme11t64 libgpgmepp6t64 libgprofng0 libgssapi-krb5-2
#7 11.96   libhwasan0 libidn2-0 libisl23 libitm1 libjansson4 libjbig0 libjpeg62-turbo
#7 11.96   libk5crypto3 libkeyutils1 libkrb5-3 libkrb5support0 libksba8 liblcms2-2
#7 11.96   libldap2 liblerc4 liblsan0 libmpc3 libmpfr6 libnghttp2-14 libnghttp3-9
#7 11.96   libngtcp2-16 libngtcp2-crypto-gnutls8 libnpth0t64 libnspr4 libnss3
#7 11.96   libopenjp2-7 libp11-kit0 libperl5.40 libpixman-1-0 libpng16-16t64
#7 11.96   libpoppler147 libpq-dev libpq5 libpsl5t64 librtmp1 libsasl2-2
#7 11.96   libsasl2-modules-db libsframe1 libsharpyuv0 libssh2-1t64 libssl-dev
#7 11.96   libstdc++-14-dev libtasn1-6 libtiff6 libtsan2 libubsan1 libunistring5
#7 11.96   libwebp7 libx11-6 libx11-data libxau6 libxcb-render0 libxcb-shm0 libxcb1
#7 11.96   libxdmcp6 libxext6 libxrender1 linux-libc-dev make patch perl
#7 11.96   perl-modules-5.40 pinentry-curses poppler-utils rpcsvc-proto xz-utils
#7 12.28 0 upgraded, 126 newly installed, 0 to remove and 0 not upgraded.
#7 12.28 Need to get 96.5 MB of archives.
#7 12.28 After this operation, 402 MB of additional disk space will be used.
#7 12.28 Get:1 http://deb.debian.org/debian trixie/main arm64 libexpat1 arm64 2.7.1-2 [93.3 kB]
#7 13.08 Get:2 http://deb.debian.org/debian trixie/main arm64 bzip2 arm64 1.0.8-6 [39.5 kB]
#7 13.15 Get:3 http://deb.debian.org/debian trixie/main arm64 perl-modules-5.40 all 5.40.1-6 [3019 kB]
#7 15.57 Get:4 http://deb.debian.org/debian trixie/main arm64 libgdbm-compat4t64 arm64 1.24-2 [50.3 kB]
#7 15.63 Get:5 http://deb.debian.org/debian trixie/main arm64 libperl5.40 arm64 5.40.1-6 [4142 kB]
#7 18.36 Get:6 http://deb.debian.org/debian trixie/main arm64 perl arm64 5.40.1-6 [267 kB]
#7 18.57 Get:7 http://deb.debian.org/debian trixie/main arm64 xz-utils arm64 5.8.1-1 [657 kB]
#7 18.96 Get:8 http://deb.debian.org/debian trixie/main arm64 libsframe1 arm64 2.44-3 [77.8 kB]
#7 19.02 Get:9 http://deb.debian.org/debian trixie/main arm64 binutils-common arm64 2.44-3 [2509 kB]
#7 21.07 Get:10 http://deb.debian.org/debian trixie/main arm64 libbinutils arm64 2.44-3 [660 kB]
#7 21.38 Get:11 http://deb.debian.org/debian trixie/main arm64 libgprofng0 arm64 2.44-3 [668 kB]
#7 21.89 Get:12 http://deb.debian.org/debian trixie/main arm64 libctf-nobfd0 arm64 2.44-3 [152 kB]
#7 22.04 Get:13 http://deb.debian.org/debian trixie/main arm64 libctf0 arm64 2.44-3 [84.2 kB]
#7 22.12 Get:14 http://deb.debian.org/debian trixie/main arm64 libjansson4 arm64 2.14-2+b3 [39.2 kB]
#7 22.12 Get:15 http://deb.debian.org/debian trixie/main arm64 binutils-aarch64-linux-gnu arm64 2.44-3 [820 kB]
#7 22.66 Get:16 http://deb.debian.org/debian trixie/main arm64 binutils arm64 2.44-3 [262 kB]
#7 22.80 Get:17 http://deb.debian.org/debian trixie/main arm64 libc-dev-bin arm64 2.41-12+deb13u3 [59.0 kB]
#7 22.84 Get:18 http://deb.debian.org/debian-security trixie-security/main arm64 linux-libc-dev all 6.12.90-2 [2813 kB]
#7 24.48 Get:19 http://deb.debian.org/debian trixie/main arm64 libcrypt-dev arm64 1:4.4.38-1 [123 kB]
#7 24.49 Get:20 http://deb.debian.org/debian trixie/main arm64 rpcsvc-proto arm64 1.4.3-1+b1 [60.5 kB]
#7 24.51 Get:21 http://deb.debian.org/debian trixie/main arm64 libc6-dev arm64 2.41-12+deb13u3 [1626 kB]
#7 25.24 Get:22 http://deb.debian.org/debian trixie/main arm64 libisl23 arm64 0.27-1 [601 kB]
#7 25.49 Get:23 http://deb.debian.org/debian trixie/main arm64 libmpfr6 arm64 4.2.2-1 [685 kB]
#7 25.75 Get:24 http://deb.debian.org/debian trixie/main arm64 libmpc3 arm64 1.3.1-1+b3 [50.5 kB]
#7 25.76 Get:25 http://deb.debian.org/debian trixie/main arm64 cpp-14-aarch64-linux-gnu arm64 14.2.0-19 [9169 kB]
#7 28.47 Get:26 http://deb.debian.org/debian trixie/main arm64 cpp-14 arm64 14.2.0-19 [1276 B]
#7 28.47 Get:27 http://deb.debian.org/debian trixie/main arm64 cpp-aarch64-linux-gnu arm64 4:14.2.0-1 [4832 B]
#7 28.47 Get:28 http://deb.debian.org/debian trixie/main arm64 cpp arm64 4:14.2.0-1 [1568 B]
#7 28.47 Get:29 http://deb.debian.org/debian trixie/main arm64 libcc1-0 arm64 14.2.0-19 [42.2 kB]
#7 28.48 Get:30 http://deb.debian.org/debian trixie/main arm64 libgomp1 arm64 14.2.0-19 [124 kB]
#7 28.50 Get:31 http://deb.debian.org/debian trixie/main arm64 libitm1 arm64 14.2.0-19 [24.2 kB]
#7 28.51 Get:32 http://deb.debian.org/debian trixie/main arm64 libatomic1 arm64 14.2.0-19 [10.1 kB]
#7 28.51 Get:33 http://deb.debian.org/debian trixie/main arm64 libasan8 arm64 14.2.0-19 [2578 kB]
#7 29.00 Get:34 http://deb.debian.org/debian trixie/main arm64 liblsan0 arm64 14.2.0-19 [1161 kB]
#7 29.23 Get:35 http://deb.debian.org/debian trixie/main arm64 libtsan2 arm64 14.2.0-19 [2383 kB]
#7 29.80 Get:36 http://deb.debian.org/debian trixie/main arm64 libubsan1 arm64 14.2.0-19 [1039 kB]
#7 30.12 Get:37 http://deb.debian.org/debian trixie/main arm64 libhwasan0 arm64 14.2.0-19 [1442 kB]
#7 30.46 Get:38 http://deb.debian.org/debian trixie/main arm64 libgcc-14-dev arm64 14.2.0-19 [2359 kB]
#7 31.08 Get:39 http://deb.debian.org/debian trixie/main arm64 gcc-14-aarch64-linux-gnu arm64 14.2.0-19 [17.7 MB]
#7 35.98 Get:40 http://deb.debian.org/debian trixie/main arm64 gcc-14 arm64 14.2.0-19 [529 kB]
#7 36.21 Get:41 http://deb.debian.org/debian trixie/main arm64 gcc-aarch64-linux-gnu arm64 4:14.2.0-1 [1440 B]
#7 36.21 Get:42 http://deb.debian.org/debian trixie/main arm64 gcc arm64 4:14.2.0-1 [5136 B]
#7 36.21 Get:43 http://deb.debian.org/debian trixie/main arm64 libstdc++-14-dev arm64 14.2.0-19 [2295 kB]
#7 36.93 Get:44 http://deb.debian.org/debian trixie/main arm64 g++-14-aarch64-linux-gnu arm64 14.2.0-19 [10.1 MB]
#7 39.77 Get:45 http://deb.debian.org/debian trixie/main arm64 g++-14 arm64 14.2.0-19 [22.5 kB]
#7 39.77 Get:46 http://deb.debian.org/debian trixie/main arm64 g++-aarch64-linux-gnu arm64 4:14.2.0-1 [1200 B]
#7 39.77 Get:47 http://deb.debian.org/debian trixie/main arm64 g++ arm64 4:14.2.0-1 [1332 B]
#7 39.77 Get:48 http://deb.debian.org/debian trixie/main arm64 make arm64 4.4.1-2 [452 kB]
#7 40.13 Get:49 http://deb.debian.org/debian trixie/main arm64 libdpkg-perl all 1.22.22 [651 kB]
#7 40.43 Get:50 http://deb.debian.org/debian trixie/main arm64 patch arm64 2.8-2 [128 kB]
#7 40.43 Get:51 http://deb.debian.org/debian trixie/main arm64 dpkg-dev all 1.22.22 [1337 kB]
#7 41.12 Get:52 http://deb.debian.org/debian trixie/main arm64 build-essential arm64 12.12 [4624 B]
#7 41.12 Get:53 http://deb.debian.org/debian trixie/main arm64 libbrotli1 arm64 1.1.0-2+b7 [308 kB]
#7 41.13 Get:54 http://deb.debian.org/debian-security trixie-security/main arm64 libkrb5support0 arm64 1.21.3-5+deb13u1 [32.5 kB]
#7 41.13 Get:55 http://deb.debian.org/debian trixie/main arm64 libcom-err2 arm64 1.47.2-3+b11 [24.9 kB]
#7 41.29 Get:56 http://deb.debian.org/debian-security trixie-security/main arm64 libk5crypto3 arm64 1.21.3-5+deb13u1 [81.4 kB]
#7 41.30 Get:57 http://deb.debian.org/debian trixie/main arm64 libkeyutils1 arm64 1.6.3-6 [9716 B]
#7 41.30 Get:58 http://deb.debian.org/debian-security trixie-security/main arm64 libkrb5-3 arm64 1.21.3-5+deb13u1 [308 kB]
#7 41.30 Get:59 http://deb.debian.org/debian-security trixie-security/main arm64 libgssapi-krb5-2 arm64 1.21.3-5+deb13u1 [128 kB]
#7 41.44 Get:60 http://deb.debian.org/debian trixie/main arm64 libunistring5 arm64 1.3-2 [453 kB]
#7 41.44 Get:61 http://deb.debian.org/debian trixie/main arm64 libidn2-0 arm64 2.3.8-2 [107 kB]
#7 41.44 Get:62 http://deb.debian.org/debian trixie/main arm64 libsasl2-modules-db arm64 2.1.28+dfsg1-9 [20.1 kB]
#7 41.44 Get:63 http://deb.debian.org/debian trixie/main arm64 libsasl2-2 arm64 2.1.28+dfsg1-9 [55.6 kB]
#7 41.44 Get:64 http://deb.debian.org/debian trixie/main arm64 libldap2 arm64 2.6.10+dfsg-1 [179 kB]
#7 41.48 Get:65 http://deb.debian.org/debian-security trixie-security/main arm64 libnghttp2-14 arm64 1.64.0-1.1+deb13u1 [71.6 kB]
#7 41.56 Get:66 http://deb.debian.org/debian trixie/main arm64 libnghttp3-9 arm64 1.8.0-1 [63.2 kB]
#7 41.59 Get:67 http://deb.debian.org/debian trixie/main arm64 libpsl5t64 arm64 0.21.2-1.1+b1 [57.1 kB]
#7 41.61 Get:68 http://deb.debian.org/debian trixie/main arm64 libp11-kit0 arm64 0.25.5-3 [409 kB]
#7 41.67 Get:69 http://deb.debian.org/debian trixie/main arm64 libtasn1-6 arm64 4.20.0-2 [47.3 kB]
#7 41.67 Get:70 http://deb.debian.org/debian-security trixie-security/main arm64 libgnutls30t64 arm64 3.8.9-3+deb13u4 [1379 kB]
#7 42.03 Get:71 http://deb.debian.org/debian trixie/main arm64 librtmp1 arm64 2.4+20151223.gitfa8646d.1-2+b5 [56.8 kB]
#7 42.05 Get:72 http://deb.debian.org/debian trixie/main arm64 libssh2-1t64 arm64 1.11.1-1 [235 kB]
#7 42.16 Get:73 http://deb.debian.org/debian trixie/main arm64 libcurl4t64 arm64 8.14.1-2+deb13u3 [359 kB]
#7 42.39 Get:74 http://deb.debian.org/debian trixie/main arm64 curl arm64 8.14.1-2+deb13u3 [262 kB]
#7 42.42 Get:75 http://deb.debian.org/debian trixie/main arm64 libgpg-error0 arm64 1.51-4 [78.5 kB]
#7 42.42 Get:76 http://deb.debian.org/debian trixie/main arm64 libassuan9 arm64 3.0.2-2 [59.1 kB]
#7 42.42 Get:77 http://deb.debian.org/debian-security trixie-security/main arm64 libgcrypt20 arm64 1.11.0-7+deb13u1 [741 kB]
#7 42.43 Get:78 http://deb.debian.org/debian trixie/main arm64 gpgconf arm64 2.4.7-21+deb13u1+b3 [122 kB]
#7 42.43 Get:79 http://deb.debian.org/debian trixie/main arm64 libksba8 arm64 1.6.7-2+b1 [125 kB]
#7 42.43 Get:80 http://deb.debian.org/debian trixie/main arm64 libnpth0t64 arm64 1.8-3 [22.9 kB]
#7 42.43 Get:81 http://deb.debian.org/debian trixie/main arm64 dirmngr arm64 2.4.7-21+deb13u1+b3 [359 kB]
#7 42.61 Get:82 http://deb.debian.org/debian trixie/main arm64 fonts-dejavu-mono all 2.37-8 [489 kB]
#7 42.62 Get:83 http://deb.debian.org/debian trixie/main arm64 fonts-dejavu-core all 2.37-8 [840 kB]
#7 42.92 Get:84 http://deb.debian.org/debian trixie/main arm64 fontconfig-config arm64 2.15.0-2.3 [318 kB]
#7 43.41 Get:85 http://deb.debian.org/debian trixie/main arm64 gnupg-l10n all 2.4.7-21+deb13u1 [749 kB]
#7 43.42 Get:86 http://deb.debian.org/debian trixie/main arm64 gpg arm64 2.4.7-21+deb13u1+b3 [578 kB]
#7 43.49 Get:87 http://deb.debian.org/debian trixie/main arm64 pinentry-curses arm64 1.3.1-2 [83.5 kB]
#7 43.51 Get:88 http://deb.debian.org/debian trixie/main arm64 gpg-agent arm64 2.4.7-21+deb13u1+b3 [250 kB]
#7 43.51 Get:89 http://deb.debian.org/debian trixie/main arm64 gpgsm arm64 2.4.7-21+deb13u1+b3 [252 kB]
#7 43.52 Get:90 http://deb.debian.org/debian trixie/main arm64 gnupg all 2.4.7-21+deb13u1 [417 kB]
#7 43.56 Get:91 http://deb.debian.org/debian trixie/main arm64 libpng16-16t64 arm64 1.6.48-1+deb13u5 [275 kB]
#7 43.61 Get:92 http://deb.debian.org/debian trixie/main arm64 libfreetype6 arm64 2.13.3+dfsg-1+deb13u1 [422 kB]
#7 44.00 Get:93 http://deb.debian.org/debian trixie/main arm64 libfontconfig1 arm64 2.15.0-2.3 [387 kB]
#7 44.10 Get:94 http://deb.debian.org/debian trixie/main arm64 libpixman-1-0 arm64 0.44.0-3 [168 kB]
#7 44.10 Get:95 http://deb.debian.org/debian trixie/main arm64 libxau6 arm64 1:1.0.11-1 [20.6 kB]
#7 44.10 Get:96 http://deb.debian.org/debian trixie/main arm64 libxdmcp6 arm64 1:1.1.5-1 [27.8 kB]
#7 44.10 Get:97 http://deb.debian.org/debian trixie/main arm64 libxcb1 arm64 1.17.0-2+b1 [143 kB]
#7 44.26 Get:98 http://deb.debian.org/debian trixie/main arm64 libx11-data all 2:1.8.12-1 [343 kB]
#7 44.29 Get:99 http://deb.debian.org/debian trixie/main arm64 libx11-6 arm64 2:1.8.12-1 [795 kB]
#7 44.35 Get:100 http://deb.debian.org/debian trixie/main arm64 libxcb-render0 arm64 1.17.0-2+b1 [115 kB]
#7 44.37 Get:101 http://deb.debian.org/debian trixie/main arm64 libxcb-shm0 arm64 1.17.0-2+b1 [105 kB]
#7 44.40 Get:102 http://deb.debian.org/debian trixie/main arm64 libxext6 arm64 2:1.3.4-1+b3 [49.2 kB]
#7 44.42 Get:103 http://deb.debian.org/debian trixie/main arm64 libxrender1 arm64 1:0.9.12-1 [27.0 kB]
#7 44.43 Get:104 http://deb.debian.org/debian trixie/main arm64 libcairo2 arm64 1.18.4-1+b1 [483 kB]
#7 44.69 Get:105 http://deb.debian.org/debian trixie/main arm64 libngtcp2-16 arm64 1.11.0-1+deb13u1 [121 kB]
#7 44.70 Get:106 http://deb.debian.org/debian trixie/main arm64 libngtcp2-crypto-gnutls8 arm64 1.11.0-1+deb13u1 [28.4 kB]
#7 44.72 Get:107 http://deb.debian.org/debian trixie/main arm64 libcurl3t64-gnutls arm64 8.14.1-2+deb13u3 [353 kB]
#7 44.92 Get:108 http://deb.debian.org/debian trixie/main arm64 libdeflate0 arm64 1.23-2 [42.4 kB]
#7 44.93 Get:109 http://deb.debian.org/debian trixie/main arm64 libffi-dev arm64 3.4.8-2 [57.2 kB]
#7 44.94 Get:110 http://deb.debian.org/debian trixie/main arm64 libgpgme11t64 arm64 1.24.2-3 [329 kB]
#7 45.03 Get:111 http://deb.debian.org/debian trixie/main arm64 libgpgmepp6t64 arm64 1.24.2-3 [328 kB]
#7 45.12 Get:112 http://deb.debian.org/debian trixie/main arm64 libjbig0 arm64 2.1-6.1+b2 [30.4 kB]
#7 45.12 Get:113 http://deb.debian.org/debian trixie/main arm64 libjpeg62-turbo arm64 1:2.1.5-4 [173 kB]
#7 45.12 Get:114 http://deb.debian.org/debian trixie/main arm64 liblcms2-2 arm64 2.16-2+deb13u2 [152 kB]
#7 45.18 Get:115 http://deb.debian.org/debian trixie/main arm64 liblerc4 arm64 4.0.0+ds-5 [146 kB]
#7 45.77 Get:116 http://deb.debian.org/debian trixie/main arm64 libnspr4 arm64 2:4.36-1 [102 kB]
#7 45.94 Get:117 http://deb.debian.org/debian-security trixie-security/main arm64 libnss3 arm64 2:3.110-1+deb13u2 [1293 kB]
#7 46.76 Get:118 http://deb.debian.org/debian-security trixie-security/main arm64 libopenjp2-7 arm64 2.5.3-2.1~deb13u2 [189 kB]
#7 46.76 Get:119 http://deb.debian.org/debian trixie/main arm64 libsharpyuv0 arm64 1.5.0-0.1 [114 kB]
#7 46.76 Get:120 http://deb.debian.org/debian trixie/main arm64 libwebp7 arm64 1.5.0-0.1 [271 kB]
#7 46.81 Get:121 http://deb.debian.org/debian trixie/main arm64 libtiff6 arm64 4.7.0-3+deb13u2 [325 kB]
#7 46.93 Get:122 http://deb.debian.org/debian-security trixie-security/main arm64 libpoppler147 arm64 25.03.0-5+deb13u3 [1912 kB]
#7 49.20 Get:123 http://deb.debian.org/debian-security trixie-security/main arm64 libpq5 arm64 17.10-0+deb13u1 [223 kB]
#7 49.99 Get:124 http://deb.debian.org/debian-security trixie-security/main arm64 libssl-dev arm64 3.5.6-1~deb13u2 [3393 kB]
#7 53.10 Get:125 http://deb.debian.org/debian-security trixie-security/main arm64 libpq-dev arm64 17.10-0+deb13u1 [151 kB]
#7 53.30 Get:126 http://deb.debian.org/debian-security trixie-security/main arm64 poppler-utils arm64 25.03.0-5+deb13u3 [192 kB]
#7 53.95 debconf: unable to initialize frontend: Dialog
#7 53.95 debconf: (TERM is not set, so the dialog frontend is not usable.)
#7 53.95 debconf: falling back to frontend: Readline
#7 53.95 debconf: unable to initialize frontend: Readline
#7 53.95 debconf: (Can't locate Term/ReadLine.pm in @INC (you may need to install the Term::ReadLine module) (@INC entries checked: /etc/perl /usr/local/lib/aarch64-linux-gnu/perl/5.40.1 /usr/local/share/perl/5.40.1 /usr/lib/aarch64-linux-gnu/perl5/5.40 /usr/share/perl5 /usr/lib/aarch64-linux-gnu/perl-base /usr/lib/aarch64-linux-gnu/perl/5.40 /usr/share/perl/5.40 /usr/local/lib/site_perl) at /usr/share/perl5/Debconf/FrontEnd/Readline.pm line 8, <STDIN> line 126.)
#7 53.95 debconf: falling back to frontend: Teletype
#7 53.95 debconf: unable to initialize frontend: Teletype
#7 53.95 debconf: (This frontend requires a controlling tty.)
#7 53.95 debconf: falling back to frontend: Noninteractive
#7 57.45 Preconfiguring packages ...
#7 57.51 Fetched 96.5 MB in 42s (2312 kB/s)
#7 57.52 Selecting previously unselected package libexpat1:arm64.
#7 57.52 (Reading database ... (Reading database ... 5%(Reading database ... 10%(Reading database ... 15%(Reading database ... 20%(Reading database ... 25%(Reading database ... 30%(Reading database ... 35%(Reading database ... 40%(Reading database ... 45%(Reading database ... 50%(Reading database ... 55%(Reading database ... 60%(Reading database ... 65%(Reading database ... 70%(Reading database ... 75%(Reading database ... 80%(Reading database ... 85%(Reading database ... 90%(Reading database ... 95%(Reading database ... 100%(Reading database ... 5642 files and directories currently installed.)
#7 57.53 Preparing to unpack .../000-libexpat1_2.7.1-2_arm64.deb ...
#7 57.53 Unpacking libexpat1:arm64 (2.7.1-2) ...
#7 57.56 Selecting previously unselected package bzip2.
#7 57.56 Preparing to unpack .../001-bzip2_1.0.8-6_arm64.deb ...
#7 57.56 Unpacking bzip2 (1.0.8-6) ...
#7 57.58 Selecting previously unselected package perl-modules-5.40.
#7 57.58 Preparing to unpack .../002-perl-modules-5.40_5.40.1-6_all.deb ...
#7 57.58 Unpacking perl-modules-5.40 (5.40.1-6) ...
#7 57.90 Selecting previously unselected package libgdbm-compat4t64:arm64.
#7 57.90 Preparing to unpack .../003-libgdbm-compat4t64_1.24-2_arm64.deb ...
#7 57.90 Unpacking libgdbm-compat4t64:arm64 (1.24-2) ...
#7 57.92 Selecting previously unselected package libperl5.40:arm64.
#7 57.92 Preparing to unpack .../004-libperl5.40_5.40.1-6_arm64.deb ...
#7 57.92 Unpacking libperl5.40:arm64 (5.40.1-6) ...
#7 58.28 Selecting previously unselected package perl.
#7 58.28 Preparing to unpack .../005-perl_5.40.1-6_arm64.deb ...
#7 58.29 Unpacking perl (5.40.1-6) ...
#7 58.32 Selecting previously unselected package xz-utils.
#7 58.32 Preparing to unpack .../006-xz-utils_5.8.1-1_arm64.deb ...
#7 58.32 Unpacking xz-utils (5.8.1-1) ...
#7 58.38 Selecting previously unselected package libsframe1:arm64.
#7 58.38 Preparing to unpack .../007-libsframe1_2.44-3_arm64.deb ...
#7 58.38 Unpacking libsframe1:arm64 (2.44-3) ...
#7 58.40 Selecting previously unselected package binutils-common:arm64.
#7 58.40 Preparing to unpack .../008-binutils-common_2.44-3_arm64.deb ...
#7 58.41 Unpacking binutils-common:arm64 (2.44-3) ...
#7 58.64 Selecting previously unselected package libbinutils:arm64.
#7 58.64 Preparing to unpack .../009-libbinutils_2.44-3_arm64.deb ...
#7 58.64 Unpacking libbinutils:arm64 (2.44-3) ...
#7 58.72 Selecting previously unselected package libgprofng0:arm64.
#7 58.72 Preparing to unpack .../010-libgprofng0_2.44-3_arm64.deb ...
#7 58.72 Unpacking libgprofng0:arm64 (2.44-3) ...
#7 58.79 Selecting previously unselected package libctf-nobfd0:arm64.
#7 58.79 Preparing to unpack .../011-libctf-nobfd0_2.44-3_arm64.deb ...
#7 58.79 Unpacking libctf-nobfd0:arm64 (2.44-3) ...
#7 58.82 Selecting previously unselected package libctf0:arm64.
#7 58.82 Preparing to unpack .../012-libctf0_2.44-3_arm64.deb ...
#7 58.82 Unpacking libctf0:arm64 (2.44-3) ...
#7 58.85 Selecting previously unselected package libjansson4:arm64.
#7 58.85 Preparing to unpack .../013-libjansson4_2.14-2+b3_arm64.deb ...
#7 58.86 Unpacking libjansson4:arm64 (2.14-2+b3) ...
#7 58.87 Selecting previously unselected package binutils-aarch64-linux-gnu.
#7 58.87 Preparing to unpack .../014-binutils-aarch64-linux-gnu_2.44-3_arm64.deb ...
#7 58.88 Unpacking binutils-aarch64-linux-gnu (2.44-3) ...
#7 59.01 Selecting previously unselected package binutils.
#7 59.01 Preparing to unpack .../015-binutils_2.44-3_arm64.deb ...
#7 59.01 Unpacking binutils (2.44-3) ...
#7 59.05 Selecting previously unselected package libc-dev-bin.
#7 59.05 Preparing to unpack .../016-libc-dev-bin_2.41-12+deb13u3_arm64.deb ...
#7 59.05 Unpacking libc-dev-bin (2.41-12+deb13u3) ...
#7 59.07 Selecting previously unselected package linux-libc-dev.
#7 59.07 Preparing to unpack .../017-linux-libc-dev_6.12.90-2_all.deb ...
#7 59.08 Unpacking linux-libc-dev (6.12.90-2) ...
#7 59.27 Selecting previously unselected package libcrypt-dev:arm64.
#7 59.28 Preparing to unpack .../018-libcrypt-dev_1%3a4.4.38-1_arm64.deb ...
#7 59.28 Unpacking libcrypt-dev:arm64 (1:4.4.38-1) ...
#7 59.31 Selecting previously unselected package rpcsvc-proto.
#7 59.31 Preparing to unpack .../019-rpcsvc-proto_1.4.3-1+b1_arm64.deb ...
#7 59.31 Unpacking rpcsvc-proto (1.4.3-1+b1) ...
#7 59.33 Selecting previously unselected package libc6-dev:arm64.
#7 59.33 Preparing to unpack .../020-libc6-dev_2.41-12+deb13u3_arm64.deb ...
#7 59.33 Unpacking libc6-dev:arm64 (2.41-12+deb13u3) ...
#7 59.51 Selecting previously unselected package libisl23:arm64.
#7 59.51 Preparing to unpack .../021-libisl23_0.27-1_arm64.deb ...
#7 59.51 Unpacking libisl23:arm64 (0.27-1) ...
#7 59.57 Selecting previously unselected package libmpfr6:arm64.
#7 59.58 Preparing to unpack .../022-libmpfr6_4.2.2-1_arm64.deb ...
#7 59.58 Unpacking libmpfr6:arm64 (4.2.2-1) ...
#7 59.63 Selecting previously unselected package libmpc3:arm64.
#7 59.63 Preparing to unpack .../023-libmpc3_1.3.1-1+b3_arm64.deb ...
#7 59.63 Unpacking libmpc3:arm64 (1.3.1-1+b3) ...
#7 59.65 Selecting previously unselected package cpp-14-aarch64-linux-gnu.
#7 59.65 Preparing to unpack .../024-cpp-14-aarch64-linux-gnu_14.2.0-19_arm64.deb ...
#7 59.65 Unpacking cpp-14-aarch64-linux-gnu (14.2.0-19) ...
#7 60.29 Selecting previously unselected package cpp-14.
#7 60.29 Preparing to unpack .../025-cpp-14_14.2.0-19_arm64.deb ...
#7 60.29 Unpacking cpp-14 (14.2.0-19) ...
#7 60.33 Selecting previously unselected package cpp-aarch64-linux-gnu.
#7 60.33 Preparing to unpack .../026-cpp-aarch64-linux-gnu_4%3a14.2.0-1_arm64.deb ...
#7 60.34 Unpacking cpp-aarch64-linux-gnu (4:14.2.0-1) ...
#7 60.35 Selecting previously unselected package cpp.
#7 60.35 Preparing to unpack .../027-cpp_4%3a14.2.0-1_arm64.deb ...
#7 60.36 Unpacking cpp (4:14.2.0-1) ...
#7 60.37 Selecting previously unselected package libcc1-0:arm64.
#7 60.37 Preparing to unpack .../028-libcc1-0_14.2.0-19_arm64.deb ...
#7 60.37 Unpacking libcc1-0:arm64 (14.2.0-19) ...
#7 60.39 Selecting previously unselected package libgomp1:arm64.
#7 60.40 Preparing to unpack .../029-libgomp1_14.2.0-19_arm64.deb ...
#7 60.40 Unpacking libgomp1:arm64 (14.2.0-19) ...
#7 60.42 Selecting previously unselected package libitm1:arm64.
#7 60.42 Preparing to unpack .../030-libitm1_14.2.0-19_arm64.deb ...
#7 60.42 Unpacking libitm1:arm64 (14.2.0-19) ...
#7 60.44 Selecting previously unselected package libatomic1:arm64.
#7 60.44 Preparing to unpack .../031-libatomic1_14.2.0-19_arm64.deb ...
#7 60.44 Unpacking libatomic1:arm64 (14.2.0-19) ...
#7 60.46 Selecting previously unselected package libasan8:arm64.
#7 60.46 Preparing to unpack .../032-libasan8_14.2.0-19_arm64.deb ...
#7 60.46 Unpacking libasan8:arm64 (14.2.0-19) ...
#7 60.69 Selecting previously unselected package liblsan0:arm64.
#7 60.69 Preparing to unpack .../033-liblsan0_14.2.0-19_arm64.deb ...
#7 60.69 Unpacking liblsan0:arm64 (14.2.0-19) ...
#7 60.80 Selecting previously unselected package libtsan2:arm64.
#7 60.80 Preparing to unpack .../034-libtsan2_14.2.0-19_arm64.deb ...
#7 60.80 Unpacking libtsan2:arm64 (14.2.0-19) ...
#7 61.02 Selecting previously unselected package libubsan1:arm64.
#7 61.02 Preparing to unpack .../035-libubsan1_14.2.0-19_arm64.deb ...
#7 61.02 Unpacking libubsan1:arm64 (14.2.0-19) ...
#7 61.12 Selecting previously unselected package libhwasan0:arm64.
#7 61.12 Preparing to unpack .../036-libhwasan0_14.2.0-19_arm64.deb ...
#7 61.12 Unpacking libhwasan0:arm64 (14.2.0-19) ...
#7 61.25 Selecting previously unselected package libgcc-14-dev:arm64.
#7 61.25 Preparing to unpack .../037-libgcc-14-dev_14.2.0-19_arm64.deb ...
#7 61.25 Unpacking libgcc-14-dev:arm64 (14.2.0-19) ...
#7 61.45 Selecting previously unselected package gcc-14-aarch64-linux-gnu.
#7 61.45 Preparing to unpack .../038-gcc-14-aarch64-linux-gnu_14.2.0-19_arm64.deb ...
#7 61.45 Unpacking gcc-14-aarch64-linux-gnu (14.2.0-19) ...
#7 62.47 Selecting previously unselected package gcc-14.
#7 62.48 Preparing to unpack .../039-gcc-14_14.2.0-19_arm64.deb ...
#7 62.49 Unpacking gcc-14 (14.2.0-19) ...
#7 62.52 Selecting previously unselected package gcc-aarch64-linux-gnu.
#7 62.52 Preparing to unpack .../040-gcc-aarch64-linux-gnu_4%3a14.2.0-1_arm64.deb ...
#7 62.52 Unpacking gcc-aarch64-linux-gnu (4:14.2.0-1) ...
#7 62.54 Selecting previously unselected package gcc.
#7 62.54 Preparing to unpack .../041-gcc_4%3a14.2.0-1_arm64.deb ...
#7 62.54 Unpacking gcc (4:14.2.0-1) ...
#7 62.56 Selecting previously unselected package libstdc++-14-dev:arm64.
#7 62.56 Preparing to unpack .../042-libstdc++-14-dev_14.2.0-19_arm64.deb ...
#7 62.56 Unpacking libstdc++-14-dev:arm64 (14.2.0-19) ...
#7 62.80 Selecting previously unselected package g++-14-aarch64-linux-gnu.
#7 62.81 Preparing to unpack .../043-g++-14-aarch64-linux-gnu_14.2.0-19_arm64.deb ...
#7 62.81 Unpacking g++-14-aarch64-linux-gnu (14.2.0-19) ...
#7 63.52 Selecting previously unselected package g++-14.
#7 63.52 Preparing to unpack .../044-g++-14_14.2.0-19_arm64.deb ...
#7 63.52 Unpacking g++-14 (14.2.0-19) ...
#7 63.54 Selecting previously unselected package g++-aarch64-linux-gnu.
#7 63.54 Preparing to unpack .../045-g++-aarch64-linux-gnu_4%3a14.2.0-1_arm64.deb ...
#7 63.54 Unpacking g++-aarch64-linux-gnu (4:14.2.0-1) ...
#7 63.56 Selecting previously unselected package g++.
#7 63.56 Preparing to unpack .../046-g++_4%3a14.2.0-1_arm64.deb ...
#7 63.56 Unpacking g++ (4:14.2.0-1) ...
#7 63.57 Selecting previously unselected package make.
#7 63.57 Preparing to unpack .../047-make_4.4.1-2_arm64.deb ...
#7 63.58 Unpacking make (4.4.1-2) ...
#7 63.62 Selecting previously unselected package libdpkg-perl.
#7 63.62 Preparing to unpack .../048-libdpkg-perl_1.22.22_all.deb ...
#7 63.63 Unpacking libdpkg-perl (1.22.22) ...
#7 63.68 Selecting previously unselected package patch.
#7 63.68 Preparing to unpack .../049-patch_2.8-2_arm64.deb ...
#7 63.69 Unpacking patch (2.8-2) ...
#7 63.71 Selecting previously unselected package dpkg-dev.
#7 63.71 Preparing to unpack .../050-dpkg-dev_1.22.22_all.deb ...
#7 63.71 Unpacking dpkg-dev (1.22.22) ...
#7 63.81 Selecting previously unselected package build-essential.
#7 63.82 Preparing to unpack .../051-build-essential_12.12_arm64.deb ...
#7 63.82 Unpacking build-essential (12.12) ...
#7 63.83 Selecting previously unselected package libbrotli1:arm64.
#7 63.83 Preparing to unpack .../052-libbrotli1_1.1.0-2+b7_arm64.deb ...
#7 63.84 Unpacking libbrotli1:arm64 (1.1.0-2+b7) ...
#7 63.88 Selecting previously unselected package libkrb5support0:arm64.
#7 63.88 Preparing to unpack .../053-libkrb5support0_1.21.3-5+deb13u1_arm64.deb ...
#7 63.88 Unpacking libkrb5support0:arm64 (1.21.3-5+deb13u1) ...
#7 63.90 Selecting previously unselected package libcom-err2:arm64.
#7 63.90 Preparing to unpack .../054-libcom-err2_1.47.2-3+b11_arm64.deb ...
#7 63.90 Unpacking libcom-err2:arm64 (1.47.2-3+b11) ...
#7 63.92 Selecting previously unselected package libk5crypto3:arm64.
#7 63.92 Preparing to unpack .../055-libk5crypto3_1.21.3-5+deb13u1_arm64.deb ...
#7 63.92 Unpacking libk5crypto3:arm64 (1.21.3-5+deb13u1) ...
#7 63.95 Selecting previously unselected package libkeyutils1:arm64.
#7 63.95 Preparing to unpack .../056-libkeyutils1_1.6.3-6_arm64.deb ...
#7 63.95 Unpacking libkeyutils1:arm64 (1.6.3-6) ...
#7 63.97 Selecting previously unselected package libkrb5-3:arm64.
#7 63.97 Preparing to unpack .../057-libkrb5-3_1.21.3-5+deb13u1_arm64.deb ...
#7 63.97 Unpacking libkrb5-3:arm64 (1.21.3-5+deb13u1) ...
#7 64.02 Selecting previously unselected package libgssapi-krb5-2:arm64.
#7 64.02 Preparing to unpack .../058-libgssapi-krb5-2_1.21.3-5+deb13u1_arm64.deb ...
#7 64.02 Unpacking libgssapi-krb5-2:arm64 (1.21.3-5+deb13u1) ...
#7 64.05 Selecting previously unselected package libunistring5:arm64.
#7 64.05 Preparing to unpack .../059-libunistring5_1.3-2_arm64.deb ...
#7 64.05 Unpacking libunistring5:arm64 (1.3-2) ...
#7 64.11 Selecting previously unselected package libidn2-0:arm64.
#7 64.11 Preparing to unpack .../060-libidn2-0_2.3.8-2_arm64.deb ...
#7 64.12 Unpacking libidn2-0:arm64 (2.3.8-2) ...
#7 64.14 Selecting previously unselected package libsasl2-modules-db:arm64.
#7 64.14 Preparing to unpack .../061-libsasl2-modules-db_2.1.28+dfsg1-9_arm64.deb ...
#7 64.15 Unpacking libsasl2-modules-db:arm64 (2.1.28+dfsg1-9) ...
#7 64.18 Selecting previously unselected package libsasl2-2:arm64.
#7 64.18 Preparing to unpack .../062-libsasl2-2_2.1.28+dfsg1-9_arm64.deb ...
#7 64.18 Unpacking libsasl2-2:arm64 (2.1.28+dfsg1-9) ...
#7 64.20 Selecting previously unselected package libldap2:arm64.
#7 64.20 Preparing to unpack .../063-libldap2_2.6.10+dfsg-1_arm64.deb ...
#7 64.21 Unpacking libldap2:arm64 (2.6.10+dfsg-1) ...
#7 64.24 Selecting previously unselected package libnghttp2-14:arm64.
#7 64.24 Preparing to unpack .../064-libnghttp2-14_1.64.0-1.1+deb13u1_arm64.deb ...
#7 64.24 Unpacking libnghttp2-14:arm64 (1.64.0-1.1+deb13u1) ...
#7 64.26 Selecting previously unselected package libnghttp3-9:arm64.
#7 64.27 Preparing to unpack .../065-libnghttp3-9_1.8.0-1_arm64.deb ...
#7 64.27 Unpacking libnghttp3-9:arm64 (1.8.0-1) ...
#7 64.29 Selecting previously unselected package libpsl5t64:arm64.
#7 64.29 Preparing to unpack .../066-libpsl5t64_0.21.2-1.1+b1_arm64.deb ...
#7 64.29 Unpacking libpsl5t64:arm64 (0.21.2-1.1+b1) ...
#7 64.32 Selecting previously unselected package libp11-kit0:arm64.
#7 64.32 Preparing to unpack .../067-libp11-kit0_0.25.5-3_arm64.deb ...
#7 64.32 Unpacking libp11-kit0:arm64 (0.25.5-3) ...
#7 64.57 Selecting previously unselected package libtasn1-6:arm64.
#7 64.57 Preparing to unpack .../068-libtasn1-6_4.20.0-2_arm64.deb ...
#7 64.57 Unpacking libtasn1-6:arm64 (4.20.0-2) ...
#7 64.60 Selecting previously unselected package libgnutls30t64:arm64.
#7 64.60 Preparing to unpack .../069-libgnutls30t64_3.8.9-3+deb13u4_arm64.deb ...
#7 64.60 Unpacking libgnutls30t64:arm64 (3.8.9-3+deb13u4) ...
#7 64.70 Selecting previously unselected package librtmp1:arm64.
#7 64.70 Preparing to unpack .../070-librtmp1_2.4+20151223.gitfa8646d.1-2+b5_arm64.deb ...
#7 64.70 Unpacking librtmp1:arm64 (2.4+20151223.gitfa8646d.1-2+b5) ...
#7 64.72 Selecting previously unselected package libssh2-1t64:arm64.
#7 64.72 Preparing to unpack .../071-libssh2-1t64_1.11.1-1_arm64.deb ...
#7 64.73 Unpacking libssh2-1t64:arm64 (1.11.1-1) ...
#7 64.76 Selecting previously unselected package libcurl4t64:arm64.
#7 64.76 Preparing to unpack .../072-libcurl4t64_8.14.1-2+deb13u3_arm64.deb ...
#7 64.76 Unpacking libcurl4t64:arm64 (8.14.1-2+deb13u3) ...
#7 64.80 Selecting previously unselected package curl.
#7 64.80 Preparing to unpack .../073-curl_8.14.1-2+deb13u3_arm64.deb ...
#7 64.80 Unpacking curl (8.14.1-2+deb13u3) ...
#7 64.84 Selecting previously unselected package libgpg-error0:arm64.
#7 64.84 Preparing to unpack .../074-libgpg-error0_1.51-4_arm64.deb ...
#7 64.84 Unpacking libgpg-error0:arm64 (1.51-4) ...
#7 64.86 Selecting previously unselected package libassuan9:arm64.
#7 64.86 Preparing to unpack .../075-libassuan9_3.0.2-2_arm64.deb ...
#7 64.87 Unpacking libassuan9:arm64 (3.0.2-2) ...
#7 64.89 Selecting previously unselected package libgcrypt20:arm64.
#7 64.89 Preparing to unpack .../076-libgcrypt20_1.11.0-7+deb13u1_arm64.deb ...
#7 64.89 Unpacking libgcrypt20:arm64 (1.11.0-7+deb13u1) ...
#7 64.96 Selecting previously unselected package gpgconf.
#7 64.96 Preparing to unpack .../077-gpgconf_2.4.7-21+deb13u1+b3_arm64.deb ...
#7 64.96 Unpacking gpgconf (2.4.7-21+deb13u1+b3) ...
#7 64.99 Selecting previously unselected package libksba8:arm64.
#7 64.99 Preparing to unpack .../078-libksba8_1.6.7-2+b1_arm64.deb ...
#7 64.99 Unpacking libksba8:arm64 (1.6.7-2+b1) ...
#7 65.02 Selecting previously unselected package libnpth0t64:arm64.
#7 65.03 Preparing to unpack .../079-libnpth0t64_1.8-3_arm64.deb ...
#7 65.03 Unpacking libnpth0t64:arm64 (1.8-3) ...
#7 65.05 Selecting previously unselected package dirmngr.
#7 65.06 Preparing to unpack .../080-dirmngr_2.4.7-21+deb13u1+b3_arm64.deb ...
#7 65.07 Unpacking dirmngr (2.4.7-21+deb13u1+b3) ...
#7 65.11 Selecting previously unselected package fonts-dejavu-mono.
#7 65.11 Preparing to unpack .../081-fonts-dejavu-mono_2.37-8_all.deb ...
#7 65.11 Unpacking fonts-dejavu-mono (2.37-8) ...
#7 65.17 Selecting previously unselected package fonts-dejavu-core.
#7 65.17 Preparing to unpack .../082-fonts-dejavu-core_2.37-8_all.deb ...
#7 65.18 Unpacking fonts-dejavu-core (2.37-8) ...
#7 65.27 Selecting previously unselected package fontconfig-config.
#7 65.27 Preparing to unpack .../083-fontconfig-config_2.15.0-2.3_arm64.deb ...
#7 65.28 Unpacking fontconfig-config (2.15.0-2.3) ...
#7 65.31 Selecting previously unselected package gnupg-l10n.
#7 65.32 Preparing to unpack .../084-gnupg-l10n_2.4.7-21+deb13u1_all.deb ...
#7 65.32 Unpacking gnupg-l10n (2.4.7-21+deb13u1) ...
#7 65.40 Selecting previously unselected package gpg.
#7 65.40 Preparing to unpack .../085-gpg_2.4.7-21+deb13u1+b3_arm64.deb ...
#7 65.40 Unpacking gpg (2.4.7-21+deb13u1+b3) ...
#7 65.46 Selecting previously unselected package pinentry-curses.
#7 65.46 Preparing to unpack .../086-pinentry-curses_1.3.1-2_arm64.deb ...
#7 65.46 Unpacking pinentry-curses (1.3.1-2) ...
#7 65.48 Selecting previously unselected package gpg-agent.
#7 65.48 Preparing to unpack .../087-gpg-agent_2.4.7-21+deb13u1+b3_arm64.deb ...
#7 65.49 Unpacking gpg-agent (2.4.7-21+deb13u1+b3) ...
#7 65.52 Selecting previously unselected package gpgsm.
#7 65.52 Preparing to unpack .../088-gpgsm_2.4.7-21+deb13u1+b3_arm64.deb ...
#7 65.52 Unpacking gpgsm (2.4.7-21+deb13u1+b3) ...
#7 65.55 Selecting previously unselected package gnupg.
#7 65.56 Preparing to unpack .../089-gnupg_2.4.7-21+deb13u1_all.deb ...
#7 65.56 Unpacking gnupg (2.4.7-21+deb13u1) ...
#7 65.60 Selecting previously unselected package libpng16-16t64:arm64.
#7 65.60 Preparing to unpack .../090-libpng16-16t64_1.6.48-1+deb13u5_arm64.deb ...
#7 65.60 Unpacking libpng16-16t64:arm64 (1.6.48-1+deb13u5) ...
#7 65.63 Selecting previously unselected package libfreetype6:arm64.
#7 65.64 Preparing to unpack .../091-libfreetype6_2.13.3+dfsg-1+deb13u1_arm64.deb ...
#7 65.64 Unpacking libfreetype6:arm64 (2.13.3+dfsg-1+deb13u1) ...
#7 65.68 Selecting previously unselected package libfontconfig1:arm64.
#7 65.68 Preparing to unpack .../092-libfontconfig1_2.15.0-2.3_arm64.deb ...
#7 65.69 Unpacking libfontconfig1:arm64 (2.15.0-2.3) ...
#7 65.71 Selecting previously unselected package libpixman-1-0:arm64.
#7 65.71 Preparing to unpack .../093-libpixman-1-0_0.44.0-3_arm64.deb ...
#7 65.72 Unpacking libpixman-1-0:arm64 (0.44.0-3) ...
#7 65.74 Selecting previously unselected package libxau6:arm64.
#7 65.74 Preparing to unpack .../094-libxau6_1%3a1.0.11-1_arm64.deb ...
#7 65.75 Unpacking libxau6:arm64 (1:1.0.11-1) ...
#7 65.76 Selecting previously unselected package libxdmcp6:arm64.
#7 65.76 Preparing to unpack .../095-libxdmcp6_1%3a1.1.5-1_arm64.deb ...
#7 65.76 Unpacking libxdmcp6:arm64 (1:1.1.5-1) ...
#7 65.78 Selecting previously unselected package libxcb1:arm64.
#7 65.78 Preparing to unpack .../096-libxcb1_1.17.0-2+b1_arm64.deb ...
#7 65.78 Unpacking libxcb1:arm64 (1.17.0-2+b1) ...
#7 65.81 Selecting previously unselected package libx11-data.
#7 65.81 Preparing to unpack .../097-libx11-data_2%3a1.8.12-1_all.deb ...
#7 65.81 Unpacking libx11-data (2:1.8.12-1) ...
#7 65.85 Selecting previously unselected package libx11-6:arm64.
#7 65.85 Preparing to unpack .../098-libx11-6_2%3a1.8.12-1_arm64.deb ...
#7 65.85 Unpacking libx11-6:arm64 (2:1.8.12-1) ...
#7 65.92 Selecting previously unselected package libxcb-render0:arm64.
#7 65.92 Preparing to unpack .../099-libxcb-render0_1.17.0-2+b1_arm64.deb ...
#7 65.93 Unpacking libxcb-render0:arm64 (1.17.0-2+b1) ...
#7 65.95 Selecting previously unselected package libxcb-shm0:arm64.
#7 65.95 Preparing to unpack .../100-libxcb-shm0_1.17.0-2+b1_arm64.deb ...
#7 65.95 Unpacking libxcb-shm0:arm64 (1.17.0-2+b1) ...
#7 65.97 Selecting previously unselected package libxext6:arm64.
#7 65.98 Preparing to unpack .../101-libxext6_2%3a1.3.4-1+b3_arm64.deb ...
#7 65.98 Unpacking libxext6:arm64 (2:1.3.4-1+b3) ...
#7 66.00 Selecting previously unselected package libxrender1:arm64.
#7 66.00 Preparing to unpack .../102-libxrender1_1%3a0.9.12-1_arm64.deb ...
#7 66.00 Unpacking libxrender1:arm64 (1:0.9.12-1) ...
#7 66.02 Selecting previously unselected package libcairo2:arm64.
#7 66.02 Preparing to unpack .../103-libcairo2_1.18.4-1+b1_arm64.deb ...
#7 66.02 Unpacking libcairo2:arm64 (1.18.4-1+b1) ...
#7 66.08 Selecting previously unselected package libngtcp2-16:arm64.
#7 66.08 Preparing to unpack .../104-libngtcp2-16_1.11.0-1+deb13u1_arm64.deb ...
#7 66.08 Unpacking libngtcp2-16:arm64 (1.11.0-1+deb13u1) ...
#7 66.11 Selecting previously unselected package libngtcp2-crypto-gnutls8:arm64.
#7 66.11 Preparing to unpack .../105-libngtcp2-crypto-gnutls8_1.11.0-1+deb13u1_arm64.deb ...
#7 66.11 Unpacking libngtcp2-crypto-gnutls8:arm64 (1.11.0-1+deb13u1) ...
#7 66.13 Selecting previously unselected package libcurl3t64-gnutls:arm64.
#7 66.13 Preparing to unpack .../106-libcurl3t64-gnutls_8.14.1-2+deb13u3_arm64.deb ...
#7 66.13 Unpacking libcurl3t64-gnutls:arm64 (8.14.1-2+deb13u3) ...
#7 66.17 Selecting previously unselected package libdeflate0:arm64.
#7 66.17 Preparing to unpack .../107-libdeflate0_1.23-2_arm64.deb ...
#7 66.17 Unpacking libdeflate0:arm64 (1.23-2) ...
#7 66.19 Selecting previously unselected package libffi-dev:arm64.
#7 66.19 Preparing to unpack .../108-libffi-dev_3.4.8-2_arm64.deb ...
#7 66.19 Unpacking libffi-dev:arm64 (3.4.8-2) ...
#7 66.21 Selecting previously unselected package libgpgme11t64:arm64.
#7 66.21 Preparing to unpack .../109-libgpgme11t64_1.24.2-3_arm64.deb ...
#7 66.22 Unpacking libgpgme11t64:arm64 (1.24.2-3) ...
#7 66.24 Selecting previously unselected package libgpgmepp6t64:arm64.
#7 66.24 Preparing to unpack .../110-libgpgmepp6t64_1.24.2-3_arm64.deb ...
#7 66.24 Unpacking libgpgmepp6t64:arm64 (1.24.2-3) ...
#7 66.27 Selecting previously unselected package libjbig0:arm64.
#7 66.27 Preparing to unpack .../111-libjbig0_2.1-6.1+b2_arm64.deb ...
#7 66.27 Unpacking libjbig0:arm64 (2.1-6.1+b2) ...
#7 66.29 Selecting previously unselected package libjpeg62-turbo:arm64.
#7 66.29 Preparing to unpack .../112-libjpeg62-turbo_1%3a2.1.5-4_arm64.deb ...
#7 66.29 Unpacking libjpeg62-turbo:arm64 (1:2.1.5-4) ...
#7 66.32 Selecting previously unselected package liblcms2-2:arm64.
#7 66.32 Preparing to unpack .../113-liblcms2-2_2.16-2+deb13u2_arm64.deb ...
#7 66.33 Unpacking liblcms2-2:arm64 (2.16-2+deb13u2) ...
#7 66.35 Selecting previously unselected package liblerc4:arm64.
#7 66.35 Preparing to unpack .../114-liblerc4_4.0.0+ds-5_arm64.deb ...
#7 66.36 Unpacking liblerc4:arm64 (4.0.0+ds-5) ...
#7 66.38 Selecting previously unselected package libnspr4:arm64.
#7 66.38 Preparing to unpack .../115-libnspr4_2%3a4.36-1_arm64.deb ...
#7 66.38 Unpacking libnspr4:arm64 (2:4.36-1) ...
#7 66.41 Selecting previously unselected package libnss3:arm64.
#7 66.41 Preparing to unpack .../116-libnss3_2%3a3.110-1+deb13u2_arm64.deb ...
#7 66.41 Unpacking libnss3:arm64 (2:3.110-1+deb13u2) ...
#7 66.53 Selecting previously unselected package libopenjp2-7:arm64.
#7 66.53 Preparing to unpack .../117-libopenjp2-7_2.5.3-2.1~deb13u2_arm64.deb ...
#7 66.53 Unpacking libopenjp2-7:arm64 (2.5.3-2.1~deb13u2) ...
#7 66.56 Selecting previously unselected package libsharpyuv0:arm64.
#7 66.56 Preparing to unpack .../118-libsharpyuv0_1.5.0-0.1_arm64.deb ...
#7 66.56 Unpacking libsharpyuv0:arm64 (1.5.0-0.1) ...
#7 66.58 Selecting previously unselected package libwebp7:arm64.
#7 66.59 Preparing to unpack .../119-libwebp7_1.5.0-0.1_arm64.deb ...
#7 66.59 Unpacking libwebp7:arm64 (1.5.0-0.1) ...
#7 66.62 Selecting previously unselected package libtiff6:arm64.
#7 66.62 Preparing to unpack .../120-libtiff6_4.7.0-3+deb13u2_arm64.deb ...
#7 66.62 Unpacking libtiff6:arm64 (4.7.0-3+deb13u2) ...
#7 66.65 Selecting previously unselected package libpoppler147:arm64.
#7 66.65 Preparing to unpack .../121-libpoppler147_25.03.0-5+deb13u3_arm64.deb ...
#7 66.66 Unpacking libpoppler147:arm64 (25.03.0-5+deb13u3) ...
#7 66.76 Selecting previously unselected package libpq5:arm64.
#7 66.77 Preparing to unpack .../122-libpq5_17.10-0+deb13u1_arm64.deb ...
#7 66.77 Unpacking libpq5:arm64 (17.10-0+deb13u1) ...
#7 66.80 Selecting previously unselected package libssl-dev:arm64.
#7 66.80 Preparing to unpack .../123-libssl-dev_3.5.6-1~deb13u2_arm64.deb ...
#7 66.80 Unpacking libssl-dev:arm64 (3.5.6-1~deb13u2) ...
#7 67.07 Selecting previously unselected package libpq-dev.
#7 67.07 Preparing to unpack .../124-libpq-dev_17.10-0+deb13u1_arm64.deb ...
#7 67.08 Unpacking libpq-dev (17.10-0+deb13u1) ...
#7 67.10 Selecting previously unselected package poppler-utils.
#7 67.10 Preparing to unpack .../125-poppler-utils_25.03.0-5+deb13u3_arm64.deb ...
#7 67.10 Unpacking poppler-utils (25.03.0-5+deb13u3) ...
#7 67.14 Setting up libexpat1:arm64 (2.7.1-2) ...
#7 67.15 Setting up liblcms2-2:arm64 (2.16-2+deb13u2) ...
#7 67.15 Setting up libpixman-1-0:arm64 (0.44.0-3) ...
#7 67.16 Setting up libsharpyuv0:arm64 (1.5.0-0.1) ...
#7 67.16 Setting up libxau6:arm64 (1:1.0.11-1) ...
#7 67.17 Setting up libxdmcp6:arm64 (1:1.1.5-1) ...
#7 67.17 Setting up libnpth0t64:arm64 (1.8-3) ...
#7 67.17 Setting up libkeyutils1:arm64 (1.6.3-6) ...
#7 67.18 Setting up libxcb1:arm64 (1.17.0-2+b1) ...
#7 67.18 Setting up liblerc4:arm64 (4.0.0+ds-5) ...
#7 67.18 Setting up libgpg-error0:arm64 (1.51-4) ...
#7 67.19 Setting up libgdbm-compat4t64:arm64 (1.24-2) ...
#7 67.19 Setting up libxcb-render0:arm64 (1.17.0-2+b1) ...
#7 67.20 Setting up libbrotli1:arm64 (1.1.0-2+b7) ...
#7 67.20 Setting up binutils-common:arm64 (2.44-3) ...
#7 67.21 Setting up libnghttp2-14:arm64 (1.64.0-1.1+deb13u1) ...
#7 67.21 Setting up libdeflate0:arm64 (1.23-2) ...
#7 67.21 Setting up linux-libc-dev (6.12.90-2) ...
#7 67.22 Setting up libctf-nobfd0:arm64 (2.44-3) ...
#7 67.22 Setting up libgcrypt20:arm64 (1.11.0-7+deb13u1) ...
#7 67.23 Setting up libxcb-shm0:arm64 (1.17.0-2+b1) ...
#7 67.23 Setting up libcom-err2:arm64 (1.47.2-3+b11) ...
#7 67.23 Setting up libgomp1:arm64 (14.2.0-19) ...
#7 67.24 Setting up bzip2 (1.0.8-6) ...
#7 67.24 Setting up libffi-dev:arm64 (3.4.8-2) ...
#7 67.24 Setting up libjbig0:arm64 (2.1-6.1+b2) ...
#7 67.25 Setting up libsframe1:arm64 (2.44-3) ...
#7 67.25 Setting up libjansson4:arm64 (2.14-2+b3) ...
#7 67.26 Setting up libkrb5support0:arm64 (1.21.3-5+deb13u1) ...
#7 67.26 Setting up libsasl2-modules-db:arm64 (2.1.28+dfsg1-9) ...
#7 67.26 Setting up rpcsvc-proto (1.4.3-1+b1) ...
#7 67.27 Setting up libjpeg62-turbo:arm64 (1:2.1.5-4) ...
#7 67.27 Setting up libx11-data (2:1.8.12-1) ...
#7 67.27 Setting up make (4.4.1-2) ...
#7 67.28 Setting up libmpfr6:arm64 (4.2.2-1) ...
#7 67.28 Setting up libnspr4:arm64 (2:4.36-1) ...
#7 67.28 Setting up gnupg-l10n (2.4.7-21+deb13u1) ...
#7 67.29 Setting up xz-utils (5.8.1-1) ...
#7 67.29 update-alternatives: using /usr/bin/xz to provide /usr/bin/lzma (lzma) in auto mode
#7 67.29 update-alternatives: warning: skip creation of /usr/share/man/man1/lzma.1.gz because associated file /usr/share/man/man1/xz.1.gz (of link group lzma) doesn't exist
#7 67.30 update-alternatives: warning: skip creation of /usr/share/man/man1/unlzma.1.gz because associated file /usr/share/man/man1/unxz.1.gz (of link group lzma) doesn't exist
#7 67.30 update-alternatives: warning: skip creation of /usr/share/man/man1/lzcat.1.gz because associated file /usr/share/man/man1/xzcat.1.gz (of link group lzma) doesn't exist
#7 67.30 update-alternatives: warning: skip creation of /usr/share/man/man1/lzmore.1.gz because associated file /usr/share/man/man1/xzmore.1.gz (of link group lzma) doesn't exist
#7 67.30 update-alternatives: warning: skip creation of /usr/share/man/man1/lzless.1.gz because associated file /usr/share/man/man1/xzless.1.gz (of link group lzma) doesn't exist
#7 67.30 update-alternatives: warning: skip creation of /usr/share/man/man1/lzdiff.1.gz because associated file /usr/share/man/man1/xzdiff.1.gz (of link group lzma) doesn't exist
#7 67.30 update-alternatives: warning: skip creation of /usr/share/man/man1/lzcmp.1.gz because associated file /usr/share/man/man1/xzcmp.1.gz (of link group lzma) doesn't exist
#7 67.30 update-alternatives: warning: skip creation of /usr/share/man/man1/lzgrep.1.gz because associated file /usr/share/man/man1/xzgrep.1.gz (of link group lzma) doesn't exist
#7 67.30 update-alternatives: warning: skip creation of /usr/share/man/man1/lzegrep.1.gz because associated file /usr/share/man/man1/xzegrep.1.gz (of link group lzma) doesn't exist
#7 67.30 update-alternatives: warning: skip creation of /usr/share/man/man1/lzfgrep.1.gz because associated file /usr/share/man/man1/xzfgrep.1.gz (of link group lzma) doesn't exist
#7 67.30 Setting up libp11-kit0:arm64 (0.25.5-3) ...
#7 67.30 Setting up libunistring5:arm64 (1.3-2) ...
#7 67.31 Setting up fonts-dejavu-mono (2.37-8) ...
#7 67.32 Setting up libssl-dev:arm64 (3.5.6-1~deb13u2) ...
#7 67.32 Setting up libpng16-16t64:arm64 (1.6.48-1+deb13u5) ...
#7 67.33 Setting up libmpc3:arm64 (1.3.1-1+b3) ...
#7 67.33 Setting up libatomic1:arm64 (14.2.0-19) ...
#7 67.34 Setting up patch (2.8-2) ...
#7 67.34 Setting up fonts-dejavu-core (2.37-8) ...
#7 67.36 Setting up libk5crypto3:arm64 (1.21.3-5+deb13u1) ...
#7 67.37 Setting up libsasl2-2:arm64 (2.1.28+dfsg1-9) ...
#7 67.37 Setting up libnghttp3-9:arm64 (1.8.0-1) ...
#7 67.38 Setting up libwebp7:arm64 (1.5.0-0.1) ...
#7 67.38 Setting up libubsan1:arm64 (14.2.0-19) ...
#7 67.38 Setting up perl-modules-5.40 (5.40.1-6) ...
#7 67.39 Setting up libhwasan0:arm64 (14.2.0-19) ...
#7 67.39 Setting up libcrypt-dev:arm64 (1:4.4.38-1) ...
#7 67.40 Setting up libtiff6:arm64 (4.7.0-3+deb13u2) ...
#7 67.40 Setting up libasan8:arm64 (14.2.0-19) ...
#7 67.41 Setting up libassuan9:arm64 (3.0.2-2) ...
#7 67.41 Setting up gpgconf (2.4.7-21+deb13u1+b3) ...
#7 67.41 Setting up libtasn1-6:arm64 (4.20.0-2) ...
#7 67.42 Setting up libopenjp2-7:arm64 (2.5.3-2.1~deb13u2) ...
#7 67.42 Setting up libx11-6:arm64 (2:1.8.12-1) ...
#7 67.43 Setting up libngtcp2-16:arm64 (1.11.0-1+deb13u1) ...
#7 67.43 Setting up libkrb5-3:arm64 (1.21.3-5+deb13u1) ...
#7 67.43 Setting up libssh2-1t64:arm64 (1.11.1-1) ...
#7 67.44 Setting up libtsan2:arm64 (14.2.0-19) ...
#7 67.44 Setting up libbinutils:arm64 (2.44-3) ...
#7 67.45 Setting up libisl23:arm64 (0.27-1) ...
#7 67.45 Setting up libc-dev-bin (2.41-12+deb13u3) ...
#7 67.45 Setting up libcc1-0:arm64 (14.2.0-19) ...
#7 67.46 Setting up libldap2:arm64 (2.6.10+dfsg-1) ...
#7 67.46 Setting up liblsan0:arm64 (14.2.0-19) ...
#7 67.46 Setting up libitm1:arm64 (14.2.0-19) ...
#7 67.47 Setting up libctf0:arm64 (2.44-3) ...
#7 67.47 Setting up libksba8:arm64 (1.6.7-2+b1) ...
#7 67.48 Setting up pinentry-curses (1.3.1-2) ...
#7 67.48 Setting up gpg-agent (2.4.7-21+deb13u1+b3) ...
#7 67.87 Setting up libxrender1:arm64 (1:0.9.12-1) ...
#7 67.88 Setting up fontconfig-config (2.15.0-2.3) ...
#7 67.94 debconf: unable to initialize frontend: Dialog
#7 67.94 debconf: (TERM is not set, so the dialog frontend is not usable.)
#7 67.94 debconf: falling back to frontend: Readline
#7 67.95 debconf: unable to initialize frontend: Readline
#7 67.95 debconf: (This frontend requires a controlling tty.)
#7 67.95 debconf: falling back to frontend: Teletype
#7 67.95 debconf: unable to initialize frontend: Teletype
#7 67.95 debconf: (This frontend requires a controlling tty.)
#7 67.95 debconf: falling back to frontend: Noninteractive
#7 67.98 Setting up gpgsm (2.4.7-21+deb13u1+b3) ...
#7 67.98 Setting up libxext6:arm64 (2:1.3.4-1+b3) ...
#7 67.99 Setting up binutils-aarch64-linux-gnu (2.44-3) ...
#7 67.99 Setting up libidn2-0:arm64 (2.3.8-2) ...
#7 68.00 Setting up libnss3:arm64 (2:3.110-1+deb13u2) ...
#7 68.00 Setting up libperl5.40:arm64 (5.40.1-6) ...
#7 68.00 Setting up perl (5.40.1-6) ...
#7 68.01 Setting up libgprofng0:arm64 (2.44-3) ...
#7 68.02 Setting up libfreetype6:arm64 (2.13.3+dfsg-1+deb13u1) ...
#7 68.02 Setting up libgssapi-krb5-2:arm64 (1.21.3-5+deb13u1) ...
#7 68.03 Setting up libdpkg-perl (1.22.22) ...
#7 68.03 Setting up cpp-14-aarch64-linux-gnu (14.2.0-19) ...
#7 68.03 Setting up libc6-dev:arm64 (2.41-12+deb13u3) ...
#7 68.04 Setting up libfontconfig1:arm64 (2.15.0-2.3) ...
#7 68.04 Setting up libgcc-14-dev:arm64 (14.2.0-19) ...
#7 68.04 Setting up libstdc++-14-dev:arm64 (14.2.0-19) ...
#7 68.05 Setting up gpg (2.4.7-21+deb13u1+b3) ...
#7 68.15 Setting up libgnutls30t64:arm64 (3.8.9-3+deb13u4) ...
#7 68.16 Setting up libpsl5t64:arm64 (0.21.2-1.1+b1) ...
#7 68.16 Setting up libpq5:arm64 (17.10-0+deb13u1) ...
#7 68.17 Setting up libpq-dev (17.10-0+deb13u1) ...
#7 68.17 Setting up binutils (2.44-3) ...
#7 68.18 Setting up libcairo2:arm64 (1.18.4-1+b1) ...
#7 68.18 Setting up dpkg-dev (1.22.22) ...
#7 68.19 Setting up dirmngr (2.4.7-21+deb13u1+b3) ...
#7 68.30 Setting up cpp-aarch64-linux-gnu (4:14.2.0-1) ...
#7 68.30 Setting up librtmp1:arm64 (2.4+20151223.gitfa8646d.1-2+b5) ...
#7 68.31 Setting up cpp-14 (14.2.0-19) ...
#7 68.31 Setting up cpp (4:14.2.0-1) ...
#7 68.32 Setting up gnupg (2.4.7-21+deb13u1) ...
#7 68.32 Setting up libgpgme11t64:arm64 (1.24.2-3) ...
#7 68.33 Setting up gcc-14-aarch64-linux-gnu (14.2.0-19) ...
#7 68.33 Setting up libngtcp2-crypto-gnutls8:arm64 (1.11.0-1+deb13u1) ...
#7 68.34 Setting up gcc-aarch64-linux-gnu (4:14.2.0-1) ...
#7 68.34 Setting up libgpgmepp6t64:arm64 (1.24.2-3) ...
#7 68.35 Setting up g++-14-aarch64-linux-gnu (14.2.0-19) ...
#7 68.35 Setting up libcurl4t64:arm64 (8.14.1-2+deb13u3) ...
#7 68.35 Setting up libcurl3t64-gnutls:arm64 (8.14.1-2+deb13u3) ...
#7 68.36 Setting up gcc-14 (14.2.0-19) ...
#7 68.36 Setting up g++-aarch64-linux-gnu (4:14.2.0-1) ...
#7 68.37 Setting up curl (8.14.1-2+deb13u3) ...
#7 68.37 Setting up g++-14 (14.2.0-19) ...
#7 68.37 Setting up libpoppler147:arm64 (25.03.0-5+deb13u3) ...
#7 68.38 Setting up gcc (4:14.2.0-1) ...
#7 68.39 Setting up g++ (4:14.2.0-1) ...
#7 68.39 update-alternatives: using /usr/bin/g++ to provide /usr/bin/c++ (c++) in auto mode
#7 68.40 Setting up build-essential (12.12) ...
#7 68.40 Setting up poppler-utils (25.03.0-5+deb13u3) ...
#7 68.41 Processing triggers for libc-bin (2.41-12+deb13u3) ...
#7 DONE 69.3s

#8 [celery-worker deps 1/3] WORKDIR /app
#8 DONE 0.1s

#9 [backend deps 2/3] COPY requirements.txt .
#9 DONE 0.0s

#10 [backend deps 3/3] RUN pip install --no-cache-dir --upgrade pip     && pip install --no-cache-dir -r requirements.txt
#10 1.489 Requirement already satisfied: pip in /usr/local/lib/python3.11/site-packages (24.0)
#10 1.946 Collecting pip
#10 2.175   Downloading pip-26.1.2-py3-none-any.whl.metadata (4.6 kB)
#10 2.242 Downloading pip-26.1.2-py3-none-any.whl (1.8 MB)
#10 4.101    ━━━━━━━━━━━━━━━━━━━━━━━━━━━━━━━━━━━━━━━━ 1.8/1.8 MB 973.6 kB/s eta 0:00:00
#10 4.144 Installing collected packages: pip
#10 4.144   Attempting uninstall: pip
#10 4.146     Found existing installation: pip 24.0
#10 4.176     Uninstalling pip-24.0:
#10 4.295       Successfully uninstalled pip-24.0
#10 5.043 Successfully installed pip-26.1.2
#10 5.044 WARNING: Running pip as the 'root' user can result in broken permissions and conflicting behaviour with the system package manager. It is recommended to use a virtual environment instead: https://pip.pypa.io/warnings/venv
#10 6.995 Collecting fastapi>=0.111.0 (from -r requirements.txt (line 1))
#10 7.240   Downloading fastapi-0.137.1-py3-none-any.whl.metadata (26 kB)
#10 7.562 Collecting uvicorn>=0.29.0 (from uvicorn[standard]>=0.29.0->-r requirements.txt (line 2))
#10 7.621   Downloading uvicorn-0.49.0-py3-none-any.whl.metadata (6.7 kB)
#10 8.364 Collecting pydantic>=2.4.0 (from -r requirements.txt (line 3))
#10 8.428   Downloading pydantic-2.13.4-py3-none-any.whl.metadata (109 kB)
#10 8.711 Collecting pydantic-settings>=2.0.0 (from -r requirements.txt (line 4))
#10 8.774   Downloading pydantic_settings-2.14.1-py3-none-any.whl.metadata (3.4 kB)
#10 9.559 Collecting sqlalchemy>=2.0.30 (from -r requirements.txt (line 5))
#10 9.624   Downloading sqlalchemy-2.0.51-cp311-cp311-manylinux2014_aarch64.manylinux_2_17_aarch64.manylinux_2_28_aarch64.whl.metadata (9.5 kB)
#10 10.23 Collecting greenlet>=3.0.3 (from -r requirements.txt (line 6))
#10 10.28   Downloading greenlet-3.5.1-cp311-cp311-manylinux_2_24_aarch64.manylinux_2_28_aarch64.whl.metadata (3.8 kB)
#10 10.35 Collecting aiosqlite>=0.20.0 (from -r requirements.txt (line 7))
#10 10.42   Downloading aiosqlite-0.22.1-py3-none-any.whl.metadata (4.3 kB)
#10 10.60 Collecting asyncpg>=0.29.0 (from -r requirements.txt (line 8))
#10 10.67   Downloading asyncpg-0.31.0-cp311-cp311-manylinux2014_aarch64.manylinux_2_17_aarch64.manylinux_2_28_aarch64.whl.metadata (4.4 kB)
#10 10.94 Collecting psycopg2-binary>=2.9.9 (from -r requirements.txt (line 9))
#10 11.00   Downloading psycopg2_binary-2.9.12-cp311-cp311-manylinux_2_27_aarch64.manylinux_2_28_aarch64.whl.metadata (4.9 kB)
#10 11.15 Collecting alembic>=1.13.0 (from -r requirements.txt (line 10))
#10 11.27   Downloading alembic-1.18.4-py3-none-any.whl.metadata (7.2 kB)
#10 11.36 Collecting python-jose>=3.3.0 (from python-jose[cryptography]>=3.3.0->-r requirements.txt (line 11))
#10 11.44   Downloading python_jose-3.5.0-py2.py3-none-any.whl.metadata (5.5 kB)
#10 11.56 Collecting passlib>=1.7.4 (from passlib[bcrypt]>=1.7.4->-r requirements.txt (line 12))
#10 11.62   Downloading passlib-1.7.4-py2.py3-none-any.whl.metadata (1.7 kB)
#10 11.71 Collecting python-multipart>=0.0.9 (from -r requirements.txt (line 13))
#10 11.77   Downloading python_multipart-0.0.32-py3-none-any.whl.metadata (2.1 kB)
#10 11.84 Collecting email-validator>=2.1.0 (from -r requirements.txt (line 14))
#10 11.90   Downloading email_validator-2.3.0-py3-none-any.whl.metadata (26 kB)
#10 12.00 Collecting httpx>=0.27.0 (from -r requirements.txt (line 15))
#10 12.07   Downloading httpx-0.28.1-py3-none-any.whl.metadata (7.1 kB)
#10 12.18 Collecting google-genai>=2.7.0 (from -r requirements.txt (line 16))
#10 12.23   Downloading google_genai-2.8.0-py3-none-any.whl.metadata (53 kB)
#10 12.35 Collecting pdfplumber==0.11.4 (from -r requirements.txt (line 18))
#10 12.49   Downloading pdfplumber-0.11.4-py3-none-any.whl.metadata (41 kB)
#10 12.90 Collecting PyMuPDF>=1.26.0 (from -r requirements.txt (line 19))
#10 12.96   Downloading pymupdf-1.27.2.3-cp310-abi3-manylinux_2_28_aarch64.whl.metadata (24 kB)
#10 13.04 Collecting pdf2image==1.17.0 (from -r requirements.txt (line 20))
#10 13.10   Downloading pdf2image-1.17.0-py3-none-any.whl.metadata (6.2 kB)
#10 13.64 Collecting Pillow==10.4.0 (from -r requirements.txt (line 21))
#10 13.70   Downloading pillow-10.4.0-cp311-cp311-manylinux_2_28_aarch64.whl.metadata (9.2 kB)
#10 13.78 Collecting pgvector==0.3.2 (from -r requirements.txt (line 22))
#10 13.86   Downloading pgvector-0.3.2-py2.py3-none-any.whl.metadata (12 kB)
#10 14.06 Collecting celery==5.4.0 (from celery[redis]==5.4.0->-r requirements.txt (line 23))
#10 14.12   Downloading celery-5.4.0-py3-none-any.whl.metadata (21 kB)
#10 14.35 Collecting redis==5.1.1 (from -r requirements.txt (line 24))
#10 14.43   Downloading redis-5.1.1-py3-none-any.whl.metadata (9.1 kB)
#10 14.64 Collecting pytest>=8.2.0 (from -r requirements.txt (line 25))
#10 14.71   Downloading pytest-9.1.0-py3-none-any.whl.metadata (7.6 kB)
#10 14.81 Collecting pdfminer.six==20231228 (from pdfplumber==0.11.4->-r requirements.txt (line 18))
#10 14.88   Downloading pdfminer.six-20231228-py3-none-any.whl.metadata (4.2 kB)
#10 15.30 Collecting pypdfium2>=4.18.0 (from pdfplumber==0.11.4->-r requirements.txt (line 18))
#10 15.40   Downloading pypdfium2-5.10.1-py3-none-manylinux_2_17_aarch64.manylinux2014_aarch64.whl.metadata (70 kB)
#10 16.28 Collecting numpy (from pgvector==0.3.2->-r requirements.txt (line 22))
#10 16.35   Downloading numpy-2.4.6-cp311-cp311-manylinux_2_27_aarch64.manylinux_2_28_aarch64.whl.metadata (6.6 kB)
#10 16.47 Collecting billiard<5.0,>=4.2.0 (from celery==5.4.0->celery[redis]==5.4.0->-r requirements.txt (line 23))
#10 16.53   Downloading billiard-4.2.4-py3-none-any.whl.metadata (4.8 kB)
#10 16.66 Collecting kombu<6.0,>=5.3.4 (from celery==5.4.0->celery[redis]==5.4.0->-r requirements.txt (line 23))
#10 16.72   Downloading kombu-5.6.2-py3-none-any.whl.metadata (3.5 kB)
#10 16.82 Collecting vine<6.0,>=5.1.0 (from celery==5.4.0->celery[redis]==5.4.0->-r requirements.txt (line 23))
#10 16.88   Downloading vine-5.1.0-py3-none-any.whl.metadata (2.7 kB)
#10 16.97 Collecting click<9.0,>=8.1.2 (from celery==5.4.0->celery[redis]==5.4.0->-r requirements.txt (line 23))
#10 17.03   Downloading click-8.4.1-py3-none-any.whl.metadata (2.6 kB)
#10 17.11 Collecting click-didyoumean>=0.3.0 (from celery==5.4.0->celery[redis]==5.4.0->-r requirements.txt (line 23))
#10 17.17   Downloading click_didyoumean-0.3.1-py3-none-any.whl.metadata (3.9 kB)
#10 17.25 Collecting click-repl>=0.2.0 (from celery==5.4.0->celery[redis]==5.4.0->-r requirements.txt (line 23))
#10 17.32   Downloading click_repl-0.3.0-py3-none-any.whl.metadata (3.6 kB)
#10 17.40 Collecting click-plugins>=1.1.1 (from celery==5.4.0->celery[redis]==5.4.0->-r requirements.txt (line 23))
#10 17.47   Downloading click_plugins-1.1.1.2-py2.py3-none-any.whl.metadata (6.5 kB)
#10 17.56 Collecting tzdata>=2022.7 (from celery==5.4.0->celery[redis]==5.4.0->-r requirements.txt (line 23))
#10 17.62   Downloading tzdata-2026.2-py2.py3-none-any.whl.metadata (1.4 kB)
#10 17.70 Collecting python-dateutil>=2.8.2 (from celery==5.4.0->celery[redis]==5.4.0->-r requirements.txt (line 23))
#10 17.76   Downloading python_dateutil-2.9.0.post0-py2.py3-none-any.whl.metadata (8.4 kB)
#10 18.05 Collecting charset-normalizer>=2.0.0 (from pdfminer.six==20231228->pdfplumber==0.11.4->-r requirements.txt (line 18))
#10 18.11   Downloading charset_normalizer-3.4.7-cp311-cp311-manylinux2014_aarch64.manylinux_2_17_aarch64.manylinux_2_28_aarch64.whl.metadata (40 kB)
#10 18.65 Collecting cryptography>=36.0.0 (from pdfminer.six==20231228->pdfplumber==0.11.4->-r requirements.txt (line 18))
#10 18.71   Downloading cryptography-49.0.0-cp311-abi3-manylinux_2_34_aarch64.whl.metadata (4.3 kB)
#10 18.82 Collecting amqp<6.0.0,>=5.1.1 (from kombu<6.0,>=5.3.4->celery==5.4.0->celery[redis]==5.4.0->-r requirements.txt (line 23))
#10 18.89   Downloading amqp-5.3.1-py3-none-any.whl.metadata (8.9 kB)
#10 18.97 Collecting packaging (from kombu<6.0,>=5.3.4->celery==5.4.0->celery[redis]==5.4.0->-r requirements.txt (line 23))
#10 19.04   Downloading packaging-26.2-py3-none-any.whl.metadata (3.5 kB)
#10 19.15 Collecting starlette>=0.46.0 (from fastapi>=0.111.0->-r requirements.txt (line 1))
#10 19.22   Downloading starlette-1.3.1-py3-none-any.whl.metadata (6.4 kB)
#10 19.31 Collecting typing-extensions>=4.8.0 (from fastapi>=0.111.0->-r requirements.txt (line 1))
#10 19.38   Downloading typing_extensions-4.15.0-py3-none-any.whl.metadata (3.3 kB)
#10 19.46 Collecting typing-inspection>=0.4.2 (from fastapi>=0.111.0->-r requirements.txt (line 1))
#10 19.53   Downloading typing_inspection-0.4.2-py3-none-any.whl.metadata (2.6 kB)
#10 19.61 Collecting annotated-doc>=0.0.2 (from fastapi>=0.111.0->-r requirements.txt (line 1))
#10 19.67   Downloading annotated_doc-0.0.4-py3-none-any.whl.metadata (6.6 kB)
#10 19.76 Collecting h11>=0.8 (from uvicorn>=0.29.0->uvicorn[standard]>=0.29.0->-r requirements.txt (line 2))
#10 19.82   Downloading h11-0.16.0-py3-none-any.whl.metadata (8.3 kB)
#10 19.94 Collecting annotated-types>=0.6.0 (from pydantic>=2.4.0->-r requirements.txt (line 3))
#10 20.00   Downloading annotated_types-0.7.0-py3-none-any.whl.metadata (15 kB)
#10 22.60 Collecting pydantic-core==2.46.4 (from pydantic>=2.4.0->-r requirements.txt (line 3))
#10 22.68   Downloading pydantic_core-2.46.4-cp311-cp311-manylinux_2_17_aarch64.manylinux2014_aarch64.whl.metadata (6.6 kB)
#10 22.79 Collecting python-dotenv>=0.21.0 (from pydantic-settings>=2.0.0->-r requirements.txt (line 4))
#10 23.00   Downloading python_dotenv-1.2.2-py3-none-any.whl.metadata (27 kB)
#10 23.15 Collecting Mako (from alembic>=1.13.0->-r requirements.txt (line 10))
#10 23.20   Downloading mako-1.3.12-py3-none-any.whl.metadata (2.9 kB)
#10 23.29 Collecting ecdsa!=0.15 (from python-jose>=3.3.0->python-jose[cryptography]>=3.3.0->-r requirements.txt (line 11))
#10 23.34   Downloading ecdsa-0.19.2-py2.py3-none-any.whl.metadata (29 kB)
#10 23.56 Collecting rsa!=4.1.1,!=4.4,<5.0,>=4.0 (from python-jose>=3.3.0->python-jose[cryptography]>=3.3.0->-r requirements.txt (line 11))
#10 23.61   Downloading rsa-4.9.1-py3-none-any.whl.metadata (5.6 kB)
#10 23.75 Collecting pyasn1>=0.5.0 (from python-jose>=3.3.0->python-jose[cryptography]>=3.3.0->-r requirements.txt (line 11))
#10 23.81   Downloading pyasn1-0.6.3-py3-none-any.whl.metadata (8.4 kB)
#10 23.91 Collecting dnspython>=2.0.0 (from email-validator>=2.1.0->-r requirements.txt (line 14))
#10 23.97   Downloading dnspython-2.8.0-py3-none-any.whl.metadata (5.7 kB)
#10 24.08 Collecting idna>=2.0.0 (from email-validator>=2.1.0->-r requirements.txt (line 14))
#10 24.19   Downloading idna-3.18-py3-none-any.whl.metadata (6.1 kB)
#10 24.28 Collecting anyio (from httpx>=0.27.0->-r requirements.txt (line 15))
#10 24.34   Downloading anyio-4.14.0-py3-none-any.whl.metadata (4.6 kB)
#10 24.46 Collecting certifi (from httpx>=0.27.0->-r requirements.txt (line 15))
#10 24.51   Downloading certifi-2026.5.20-py3-none-any.whl.metadata (2.5 kB)
#10 24.60 Collecting httpcore==1.* (from httpx>=0.27.0->-r requirements.txt (line 15))
#10 24.65   Downloading httpcore-1.0.9-py3-none-any.whl.metadata (21 kB)
#10 24.87 Collecting google-auth<3.0.0,>=2.48.1 (from google-auth[requests]<3.0.0,>=2.48.1->google-genai>=2.7.0->-r requirements.txt (line 16))
#10 24.96   Downloading google_auth-2.55.0-py3-none-any.whl.metadata (5.1 kB)
#10 25.09 Collecting requests<3.0.0,>=2.28.1 (from google-genai>=2.7.0->-r requirements.txt (line 16))
#10 25.15   Downloading requests-2.34.2-py3-none-any.whl.metadata (4.8 kB)
#10 25.27 Collecting tenacity<9.2.0,>=8.2.3 (from google-genai>=2.7.0->-r requirements.txt (line 16))
#10 25.32   Downloading tenacity-9.1.4-py3-none-any.whl.metadata (1.2 kB)
#10 25.65 Collecting websockets<17.0,>=13.0.0 (from google-genai>=2.7.0->-r requirements.txt (line 16))
#10 25.71   Downloading websockets-16.0-cp311-cp311-manylinux2014_aarch64.manylinux_2_17_aarch64.manylinux_2_28_aarch64.whl.metadata (6.8 kB)
#10 25.81 Collecting distro<2,>=1.7.0 (from google-genai>=2.7.0->-r requirements.txt (line 16))
#10 25.86   Downloading distro-1.9.0-py3-none-any.whl.metadata (6.8 kB)
#10 26.32 Collecting sniffio (from google-genai>=2.7.0->-r requirements.txt (line 16))
#10 26.37   Downloading sniffio-1.3.1-py3-none-any.whl.metadata (3.9 kB)
#10 26.49 Collecting pyasn1-modules>=0.2.1 (from google-auth<3.0.0,>=2.48.1->google-auth[requests]<3.0.0,>=2.48.1->google-genai>=2.7.0->-r requirements.txt (line 16))
#10 26.55   Downloading pyasn1_modules-0.4.2-py3-none-any.whl.metadata (3.5 kB)
#10 26.68 Collecting urllib3<3,>=1.26 (from requests<3.0.0,>=2.28.1->google-genai>=2.7.0->-r requirements.txt (line 16))
#10 26.73   Downloading urllib3-2.7.0-py3-none-any.whl.metadata (6.9 kB)
#10 26.83 Collecting iniconfig>=1.0.1 (from pytest>=8.2.0->-r requirements.txt (line 25))
#10 26.90   Downloading iniconfig-2.3.0-py3-none-any.whl.metadata (2.5 kB)
#10 26.99 Collecting pluggy<2,>=1.5 (from pytest>=8.2.0->-r requirements.txt (line 25))
#10 27.05   Downloading pluggy-1.6.0-py3-none-any.whl.metadata (4.8 kB)
#10 27.17 Collecting pygments>=2.7.2 (from pytest>=8.2.0->-r requirements.txt (line 25))
#10 27.23   Downloading pygments-2.20.0-py3-none-any.whl.metadata (2.5 kB)
#10 27.36 Collecting prompt-toolkit>=3.0.36 (from click-repl>=0.2.0->celery==5.4.0->celery[redis]==5.4.0->-r requirements.txt (line 23))
#10 27.41   Downloading prompt_toolkit-3.0.52-py3-none-any.whl.metadata (6.4 kB)
#10 27.83 Collecting cffi>=2.0.0 (from cryptography>=36.0.0->pdfminer.six==20231228->pdfplumber==0.11.4->-r requirements.txt (line 18))
#10 27.88   Downloading cffi-2.0.0-cp311-cp311-manylinux2014_aarch64.manylinux_2_17_aarch64.whl.metadata (2.6 kB)
#10 27.95 Collecting pycparser (from cffi>=2.0.0->cryptography>=36.0.0->pdfminer.six==20231228->pdfplumber==0.11.4->-r requirements.txt (line 18))
#10 28.02   Downloading pycparser-3.0-py3-none-any.whl.metadata (8.2 kB)
#10 28.15 Collecting six>=1.9.0 (from ecdsa!=0.15->python-jose>=3.3.0->python-jose[cryptography]>=3.3.0->-r requirements.txt (line 11))
#10 28.21   Downloading six-1.17.0-py2.py3-none-any.whl.metadata (1.7 kB)
#10 28.38 Collecting bcrypt>=3.1.0 (from passlib[bcrypt]>=1.7.4->-r requirements.txt (line 12))
#10 28.48   Downloading bcrypt-5.0.0-cp39-abi3-manylinux_2_34_aarch64.whl.metadata (10 kB)
#10 28.60 Collecting wcwidth (from prompt-toolkit>=3.0.36->click-repl>=0.2.0->celery==5.4.0->celery[redis]==5.4.0->-r requirements.txt (line 23))
#10 28.65   Downloading wcwidth-0.8.1-py3-none-any.whl.metadata (43 kB)
#10 28.97 Collecting httptools>=0.8.0 (from uvicorn[standard]>=0.29.0->-r requirements.txt (line 2))
#10 29.04   Downloading httptools-0.8.0-cp311-cp311-manylinux2014_aarch64.manylinux_2_17_aarch64.manylinux_2_28_aarch64.whl.metadata (3.5 kB)
#10 29.19 Collecting pyyaml>=5.1 (from uvicorn[standard]>=0.29.0->-r requirements.txt (line 2))
#10 29.25   Downloading pyyaml-6.0.3-cp311-cp311-manylinux2014_aarch64.manylinux_2_17_aarch64.manylinux_2_28_aarch64.whl.metadata (2.4 kB)
#10 29.42 Collecting uvloop>=0.15.1 (from uvicorn[standard]>=0.29.0->-r requirements.txt (line 2))
#10 29.48   Downloading uvloop-0.22.1-cp311-cp311-manylinux2014_aarch64.manylinux_2_17_aarch64.manylinux_2_28_aarch64.whl.metadata (4.9 kB)
#10 29.75 Collecting watchfiles>=0.20 (from uvicorn[standard]>=0.29.0->-r requirements.txt (line 2))
#10 29.80   Downloading watchfiles-1.2.0-cp311-cp311-manylinux_2_17_aarch64.manylinux2014_aarch64.whl.metadata (4.9 kB)
#10 30.00 Collecting MarkupSafe>=0.9.2 (from Mako->alembic>=1.13.0->-r requirements.txt (line 10))
#10 30.06   Downloading markupsafe-3.0.3-cp311-cp311-manylinux2014_aarch64.manylinux_2_17_aarch64.manylinux_2_28_aarch64.whl.metadata (2.7 kB)
#10 30.13 Downloading pdfplumber-0.11.4-py3-none-any.whl (59 kB)
#10 30.37 Downloading pdf2image-1.17.0-py3-none-any.whl (11 kB)
#10 30.48 Downloading pillow-10.4.0-cp311-cp311-manylinux_2_28_aarch64.whl (4.4 MB)
#10 34.55    ━━━━━━━━━━━━━━━━━━━━━━━━━━━━━━━━━━━━━━━━ 4.4/4.4 MB 1.2 MB/s  0:00:04
#10 34.62 Downloading pgvector-0.3.2-py2.py3-none-any.whl (24 kB)
#10 34.70 Downloading celery-5.4.0-py3-none-any.whl (425 kB)
#10 34.98 Downloading redis-5.1.1-py3-none-any.whl (261 kB)
#10 35.20 Downloading pdfminer.six-20231228-py3-none-any.whl (5.6 MB)
#10 36.98    ━━━━━━━━━━━━━━━━━━━━━━━━━━━━━━━━━━━━━━━━ 5.6/5.6 MB 3.2 MB/s  0:00:01
#10 37.05 Downloading billiard-4.2.4-py3-none-any.whl (87 kB)
#10 37.14 Downloading click-8.4.1-py3-none-any.whl (116 kB)
#10 37.25 Downloading kombu-5.6.2-py3-none-any.whl (214 kB)
#10 37.37 Downloading vine-5.1.0-py3-none-any.whl (9.6 kB)
#10 37.44 Downloading amqp-5.3.1-py3-none-any.whl (50 kB)
#10 37.51 Downloading fastapi-0.137.1-py3-none-any.whl (121 kB)
#10 37.60 Downloading uvicorn-0.49.0-py3-none-any.whl (71 kB)
#10 37.70 Downloading pydantic-2.13.4-py3-none-any.whl (472 kB)
#10 37.99 Downloading pydantic_core-2.46.4-cp311-cp311-manylinux_2_17_aarch64.manylinux2014_aarch64.whl (2.0 MB)
#10 38.51    ━━━━━━━━━━━━━━━━━━━━━━━━━━━━━━━━━━━━━━━━ 2.0/2.0 MB 4.3 MB/s  0:00:00
#10 38.63 Downloading pydantic_settings-2.14.1-py3-none-any.whl (60 kB)
#10 38.68 Downloading sqlalchemy-2.0.51-cp311-cp311-manylinux2014_aarch64.manylinux_2_17_aarch64.manylinux_2_28_aarch64.whl (3.3 MB)
#10 40.10    ━━━━━━━━━━━━━━━━━━━━━━━━━━━━━━━━━━━━━━━━ 3.3/3.3 MB 2.5 MB/s  0:00:01
#10 40.17 Downloading greenlet-3.5.1-cp311-cp311-manylinux_2_24_aarch64.manylinux_2_28_aarch64.whl (603 kB)
#10 40.92    ━━━━━━━━━━━━━━━━━━━━━━━━━━━━━━━━━━━━━━━━ 603.5/603.5 kB 1.1 MB/s  0:00:00
#10 41.00 Downloading aiosqlite-0.22.1-py3-none-any.whl (17 kB)
#10 41.12 Downloading asyncpg-0.31.0-cp311-cp311-manylinux2014_aarch64.manylinux_2_17_aarch64.manylinux_2_28_aarch64.whl (2.9 MB)
#10 42.55    ━━━━━━━━━━━━━━━━━━━━━━━━━━━━━━━━━━━━━━━━ 2.9/2.9 MB 2.1 MB/s  0:00:01
#10 42.61 Downloading psycopg2_binary-2.9.12-cp311-cp311-manylinux_2_27_aarch64.manylinux_2_28_aarch64.whl (5.9 MB)
#10 45.13    ━━━━━━━━━━━━━━━━━━━━━━━━━━━━━━━━━━━━━━━━ 5.9/5.9 MB 2.4 MB/s  0:00:02
#10 45.19 Downloading alembic-1.18.4-py3-none-any.whl (263 kB)
#10 45.35 Downloading python_jose-3.5.0-py2.py3-none-any.whl (34 kB)
#10 45.41 Downloading rsa-4.9.1-py3-none-any.whl (34 kB)
#10 45.47 Downloading passlib-1.7.4-py2.py3-none-any.whl (525 kB)
#10 45.79    ━━━━━━━━━━━━━━━━━━━━━━━━━━━━━━━━━━━━━━━━ 525.6/525.6 kB 1.3 MB/s  0:00:00
#10 45.85 Downloading python_multipart-0.0.32-py3-none-any.whl (30 kB)
#10 45.92 Downloading email_validator-2.3.0-py3-none-any.whl (35 kB)
#10 46.00 Downloading httpx-0.28.1-py3-none-any.whl (73 kB)
#10 46.11 Downloading httpcore-1.0.9-py3-none-any.whl (78 kB)
#10 46.24 Downloading google_genai-2.8.0-py3-none-any.whl (832 kB)
#10 46.71    ━━━━━━━━━━━━━━━━━━━━━━━━━━━━━━━━━━━━━━━━ 832.5/832.5 kB 1.9 MB/s  0:00:00
#10 46.76 Downloading anyio-4.14.0-py3-none-any.whl (123 kB)
#10 46.89 Downloading distro-1.9.0-py3-none-any.whl (20 kB)
#10 46.95 Downloading google_auth-2.55.0-py3-none-any.whl (252 kB)
#10 47.12 Downloading requests-2.34.2-py3-none-any.whl (73 kB)
#10 47.20 Downloading charset_normalizer-3.4.7-cp311-cp311-manylinux2014_aarch64.manylinux_2_17_aarch64.manylinux_2_28_aarch64.whl (206 kB)
#10 47.40 Downloading idna-3.18-py3-none-any.whl (65 kB)
#10 47.48 Downloading tenacity-9.1.4-py3-none-any.whl (28 kB)
#10 47.57 Downloading typing_extensions-4.15.0-py3-none-any.whl (44 kB)
#10 47.64 Downloading urllib3-2.7.0-py3-none-any.whl (131 kB)
#10 47.74 Downloading websockets-16.0-cp311-cp311-manylinux2014_aarch64.manylinux_2_17_aarch64.manylinux_2_28_aarch64.whl (185 kB)
#10 47.92 Downloading pymupdf-1.27.2.3-cp310-abi3-manylinux_2_28_aarch64.whl (24.3 MB)
#10 54.99    ━━━━━━━━━━━━━━━━━━━━━━━━━━━━━━━━━━━━━━━━ 24.3/24.3 MB 3.5 MB/s  0:00:07
#10 55.08 Downloading pytest-9.1.0-py3-none-any.whl (386 kB)
#10 55.27 Downloading pluggy-1.6.0-py3-none-any.whl (20 kB)
#10 55.36 Downloading annotated_doc-0.0.4-py3-none-any.whl (5.3 kB)
#10 55.44 Downloading annotated_types-0.7.0-py3-none-any.whl (13 kB)
#10 55.52 Downloading certifi-2026.5.20-py3-none-any.whl (134 kB)
#10 55.62 Downloading click_didyoumean-0.3.1-py3-none-any.whl (3.6 kB)
#10 55.69 Downloading click_plugins-1.1.1.2-py2.py3-none-any.whl (11 kB)
#10 55.77 Downloading click_repl-0.3.0-py3-none-any.whl (10 kB)
#10 55.89 Downloading cryptography-49.0.0-cp311-abi3-manylinux_2_34_aarch64.whl (4.7 MB)
#10 57.33    ━━━━━━━━━━━━━━━━━━━━━━━━━━━━━━━━━━━━━━━━ 4.7/4.7 MB 3.2 MB/s  0:00:01
#10 57.41 Downloading cffi-2.0.0-cp311-cp311-manylinux2014_aarch64.manylinux_2_17_aarch64.whl (216 kB)
#10 57.53 Downloading dnspython-2.8.0-py3-none-any.whl (331 kB)
#10 57.68 Downloading ecdsa-0.19.2-py2.py3-none-any.whl (150 kB)
#10 57.79 Downloading h11-0.16.0-py3-none-any.whl (37 kB)
#10 57.89 Downloading iniconfig-2.3.0-py3-none-any.whl (7.5 kB)
#10 57.96 Downloading packaging-26.2-py3-none-any.whl (100 kB)
#10 58.07 Downloading bcrypt-5.0.0-cp39-abi3-manylinux_2_34_aarch64.whl (275 kB)
#10 58.33 Downloading prompt_toolkit-3.0.52-py3-none-any.whl (391 kB)
#10 58.53 Downloading pyasn1-0.6.3-py3-none-any.whl (83 kB)
#10 58.62 Downloading pyasn1_modules-0.4.2-py3-none-any.whl (181 kB)
#10 58.75 Downloading pygments-2.20.0-py3-none-any.whl (1.2 MB)
#10 59.04    ━━━━━━━━━━━━━━━━━━━━━━━━━━━━━━━━━━━━━━━━ 1.2/1.2 MB 4.2 MB/s  0:00:00
#10 59.14 Downloading pypdfium2-5.10.1-py3-none-manylinux_2_17_aarch64.manylinux2014_aarch64.whl (3.7 MB)
#10 60.03    ━━━━━━━━━━━━━━━━━━━━━━━━━━━━━━━━━━━━━━━━ 3.7/3.7 MB 4.5 MB/s  0:00:00
#10 60.10 Downloading python_dateutil-2.9.0.post0-py2.py3-none-any.whl (229 kB)
#10 60.27 Downloading python_dotenv-1.2.2-py3-none-any.whl (22 kB)
#10 60.36 Downloading six-1.17.0-py2.py3-none-any.whl (11 kB)
#10 60.43 Downloading starlette-1.3.1-py3-none-any.whl (73 kB)
#10 60.52 Downloading typing_inspection-0.4.2-py3-none-any.whl (14 kB)
#10 60.60 Downloading tzdata-2026.2-py2.py3-none-any.whl (349 kB)
#10 60.78 Downloading httptools-0.8.0-cp311-cp311-manylinux2014_aarch64.manylinux_2_17_aarch64.manylinux_2_28_aarch64.whl (464 kB)
#10 61.02 Downloading pyyaml-6.0.3-cp311-cp311-manylinux2014_aarch64.manylinux_2_17_aarch64.manylinux_2_28_aarch64.whl (775 kB)
#10 61.28    ━━━━━━━━━━━━━━━━━━━━━━━━━━━━━━━━━━━━━━━━ 775.6/775.6 kB 3.9 MB/s  0:00:00
#10 61.34 Downloading uvloop-0.22.1-cp311-cp311-manylinux2014_aarch64.manylinux_2_17_aarch64.manylinux_2_28_aarch64.whl (3.8 MB)
#10 62.46    ━━━━━━━━━━━━━━━━━━━━━━━━━━━━━━━━━━━━━━━━ 3.8/3.8 MB 3.4 MB/s  0:00:01
#10 62.52 Downloading watchfiles-1.2.0-cp311-cp311-manylinux_2_17_aarch64.manylinux2014_aarch64.whl (456 kB)
#10 62.73 Downloading mako-1.3.12-py3-none-any.whl (78 kB)
#10 62.83 Downloading markupsafe-3.0.3-cp311-cp311-manylinux2014_aarch64.manylinux_2_17_aarch64.manylinux_2_28_aarch64.whl (24 kB)
#10 62.92 Downloading numpy-2.4.6-cp311-cp311-manylinux_2_27_aarch64.manylinux_2_28_aarch64.whl (16.0 MB)
#10 66.73    ━━━━━━━━━━━━━━━━━━━━━━━━━━━━━━━━━━━━━━━━ 16.0/16.0 MB 4.2 MB/s  0:00:03
#10 66.81 Downloading pycparser-3.0-py3-none-any.whl (48 kB)
#10 66.89 Downloading sniffio-1.3.1-py3-none-any.whl (10 kB)
#10 66.97 Downloading wcwidth-0.8.1-py3-none-any.whl (323 kB)
#10 67.35 Installing collected packages: passlib, websockets, wcwidth, vine, uvloop, urllib3, tzdata, typing-extensions, tenacity, sniffio, six, redis, pyyaml, python-multipart, python-dotenv, pypdfium2, PyMuPDF, pygments, pycparser, pyasn1, psycopg2-binary, pluggy, Pillow, packaging, numpy, MarkupSafe, iniconfig, idna, httptools, h11, greenlet, dnspython, distro, click, charset-normalizer, certifi, billiard, bcrypt, asyncpg, annotated-types, annotated-doc, aiosqlite, uvicorn, typing-inspection, sqlalchemy, rsa, requests, python-dateutil, pytest, pydantic-core, pyasn1-modules, prompt-toolkit, pgvector, pdf2image, Mako, httpcore, email-validator, ecdsa, click-plugins, click-didyoumean, cffi, anyio, amqp, watchfiles, starlette, python-jose, pydantic, kombu, httpx, cryptography, click-repl, alembic, pydantic-settings, pdfminer.six, google-auth, fastapi, celery, pdfplumber, google-genai
#10 78.27 
#10 78.28 Successfully installed Mako-1.3.12 MarkupSafe-3.0.3 Pillow-10.4.0 PyMuPDF-1.27.2.3 aiosqlite-0.22.1 alembic-1.18.4 amqp-5.3.1 annotated-doc-0.0.4 annotated-types-0.7.0 anyio-4.14.0 asyncpg-0.31.0 bcrypt-5.0.0 billiard-4.2.4 celery-5.4.0 certifi-2026.5.20 cffi-2.0.0 charset-normalizer-3.4.7 click-8.4.1 click-didyoumean-0.3.1 click-plugins-1.1.1.2 click-repl-0.3.0 cryptography-49.0.0 distro-1.9.0 dnspython-2.8.0 ecdsa-0.19.2 email-validator-2.3.0 fastapi-0.137.1 google-auth-2.55.0 google-genai-2.8.0 greenlet-3.5.1 h11-0.16.0 httpcore-1.0.9 httptools-0.8.0 httpx-0.28.1 idna-3.18 iniconfig-2.3.0 kombu-5.6.2 numpy-2.4.6 packaging-26.2 passlib-1.7.4 pdf2image-1.17.0 pdfminer.six-20231228 pdfplumber-0.11.4 pgvector-0.3.2 pluggy-1.6.0 prompt-toolkit-3.0.52 psycopg2-binary-2.9.12 pyasn1-0.6.3 pyasn1-modules-0.4.2 pycparser-3.0 pydantic-2.13.4 pydantic-core-2.46.4 pydantic-settings-2.14.1 pygments-2.20.0 pypdfium2-5.10.1 pytest-9.1.0 python-dateutil-2.9.0.post0 python-dotenv-1.2.2 python-jose-3.5.0 python-multipart-0.0.32 pyyaml-6.0.3 redis-5.1.1 requests-2.34.2 rsa-4.9.1 six-1.17.0 sniffio-1.3.1 sqlalchemy-2.0.51 starlette-1.3.1 tenacity-9.1.4 typing-extensions-4.15.0 typing-inspection-0.4.2 tzdata-2026.2 urllib3-2.7.0 uvicorn-0.49.0 uvloop-0.22.1 vine-5.1.0 watchfiles-1.2.0 wcwidth-0.8.1 websockets-16.0
#10 78.28 WARNING: Running pip as the 'root' user can result in broken permissions and conflicting behaviour with the system package manager, possibly rendering your system unusable. It is recommended to use a virtual environment instead: https://pip.pypa.io/warnings/venv. Use the --root-user-action option if you know what you are doing and want to suppress this warning.
#10 DONE 79.2s

#11 [celery-worker runtime 1/4] WORKDIR /app
#11 DONE 0.1s

#12 [celery-beat runtime 2/4] COPY . .
#12 DONE 0.1s

#13 [celery-beat runtime 3/4] RUN chmod +x entrypoint.sh
#13 DONE 0.1s

#14 [celery-beat runtime 4/4] RUN groupadd -r edumind && useradd -r -g edumind -d /app -s /sbin/nologin edumind     && mkdir -p /app/data/textbooks     && chown -R edumind:edumind /app
#14 DONE 0.6s

#15 [backend] exporting to image
#15 exporting layers
#15 ...

#16 [celery-worker] exporting to image
#16 ...

#17 [celery-beat] exporting to image
#17 ...

#16 [celery-worker] exporting to image
#16 exporting layers 15.0s done
#16 exporting manifest sha256:55624ef212805bae498bed42b26c76dd8a6e7ab876561b8df8bd3830ba714a66 0.0s done
#16 exporting config sha256:3785667f480a46dceb43011f48ac8fe6a5b7e937c108c3ea815396a5c217af85 done
#16 exporting attestation manifest sha256:bafd53c3d18e54b23e9cbf75ee541bb12b1c0525de9c0a1d62023194b014e1cc 0.0s done
#16 exporting manifest list sha256:a27c388259d92dadd7f271b5ead9dc6e6e700869c1cb3bd6541389cc9c4020c9 0.0s done
#16 naming to docker.io/library/src-celery-worker:latest done
#16 unpacking to docker.io/library/src-celery-worker:latest
#16 ...

#15 [backend] exporting to image
#15 exporting layers 15.0s done
#15 exporting manifest sha256:8f217cbbd3f3ee9934949f7a4d070bc8fa32caf5fc25a9c50cccc9b5bfd4c761 0.0s done
#15 exporting config sha256:520c8c202cb28a4f4751e82fb14978c0d501e56d4478359f5db3f8cb60f3f1e8 0.0s done
#15 exporting attestation manifest sha256:5ab65dca4ef9904eb4f68b1f56a33a48db872aca50588eb956a57fe7b1a7c8fc 0.0s done
#15 exporting manifest list sha256:fa73a78f829a07f06eb3692fe27a580ccbe99303e26797500fcb7ef70a38c82e 0.0s done
#15 naming to docker.io/library/src-backend:latest done
#15 unpacking to docker.io/library/src-backend:latest
#15 ...

#17 [celery-beat] exporting to image
#17 exporting layers 15.0s done
#17 exporting manifest sha256:0d77d9311fd664261e6f86705eafff8fdb666eedeba86eec1d8732299814407a 0.0s done
#17 exporting config sha256:b2823927e2bbe628acfefe35d23a08552647ada814524478ca9ae071aa8a2055 0.0s done
#17 exporting attestation manifest sha256:b73ce21730073b43df12f599bf7e91dd8a6ca44d4c388a57bb41c7b77ab486c0 0.0s done
#17 exporting manifest list sha256:aefcc2def41bce31b82e628d3a77885e3e224462e2d79daf2f17d3a80e1baff3 done
#17 naming to docker.io/library/src-celery-beat:latest done
#17 unpacking to docker.io/library/src-celery-beat:latest
#17 unpacking to docker.io/library/src-celery-beat:latest 17.1s done
#17 DONE 32.2s

#15 [backend] exporting to image
#15 unpacking to docker.io/library/src-backend:latest 17.1s done
#15 DONE 32.2s

#16 [celery-worker] exporting to image
#16 unpacking to docker.io/library/src-celery-worker:latest 17.1s done
#16 DONE 32.2s

#18 [backend] resolving provenance for metadata file
#18 ...

#19 [celery-worker] resolving provenance for metadata file
#19 DONE 0.1s

#18 [backend] resolving provenance for metadata file
#18 DONE 0.1s

#20 [celery-beat] resolving provenance for metadata file
#20 DONE 0.1s
 Image src-celery-worker Built 
 Image src-backend Built 
 Image src-celery-beat Built 
 Volume src_edumind_frontend_node_modules Creating 
 Volume src_edumind_frontend_node_modules Created 
 Container edumind-redis Running 
 Container edumind-postgres Running 
 Container edumind-celery-beat Creating 
 Container edumind-celery-worker Creating 
 Container edumind-backend Creating 
 Container edumind-celery-beat Created 
 Container edumind-backend Created 
 Container edumind-celery-worker Created 
 Container edumind-frontend-web Creating 
 Container edumind-frontend-web Created 
 Container edumind-redis Waiting 
 Container edumind-postgres Waiting 
 Container edumind-postgres Waiting 
 Container edumind-redis Waiting 
 Container edumind-postgres Waiting 
 Container edumind-redis Waiting 
 Container edumind-postgres Healthy 
 Container edumind-redis Healthy 
 Container edumind-postgres Healthy 
 Container edumind-postgres Healthy 
 Container edumind-redis Healthy 
 Container edumind-redis Healthy 
 Container edumind-celery-beat Starting 
 Container edumind-backend Starting 
 Container edumind-celery-worker Starting 
 Container edumind-celery-worker Started 
 Container edumind-celery-beat Started 
 Container edumind-backend Started 
 Container edumind-backend Waiting 
 Container edumind-backend Healthy 
 Container edumind-frontend-web Starting 
 Container edumind-frontend-web Started 
